name,team,total_points,position,goals_scored,assists,clean_sheets,yellow_cards,red_cards,goals_conceded,own_goals,penalties_missed,penalties_saved,saves,bonus_points,value_first_gw,count_gws_min_minutes,minutes_played,min_gw,team_strength,team_strength_overall_home,team_strength_overall_away,team_strength_attack_home,team_strength_attack_away,team_strength_defence_home,team_strength_defence_away,season,promoted_from_championship
Bruno Miguel Borges Fernandes,Man Utd,244,MID,18,14,13,6,0,36,0,1,0,0,36,105,31.0,3101,2,4,1250,1320,1250,1280,1240,1310,2020-21,0
Harry Kane,Spurs,242,FWD,23,14,12,1,0,39,0,0,0,0,40,105,33.0,3083,1,4,1190,1250,1130,1170,1250,1290,2020-21,0
Mohamed Salah,Liverpool,231,MID,22,6,11,0,0,41,0,0,0,0,21,120,32.0,3077,1,4,1250,1210,1190,1210,1300,1230,2020-21,0
Heung-Min Son,Spurs,228,MID,17,11,13,0,0,36,0,0,0,0,26,90,32.0,3119,1,4,1190,1250,1130,1170,1250,1290,2020-21,0
Patrick Bamford,Leeds,194,FWD,17,11,10,3,0,50,0,0,0,0,26,55,31.0,3052,1,3,1160,1170,1060,1150,1210,1170,2020-21,1
Jamie Vardy,Leicester,187,FWD,15,14,8,1,0,44,0,1,0,0,23,100,28.0,2838,1,4,1240,1260,1190,1150,1150,1230,2020-21,0
Emiliano Martínez,Aston Villa,186,GK,0,0,15,1,0,46,0,0,1,142,27,45,35.0,3420,1,3,1100,1160,1120,1140,1080,1100,2020-21,0
Sadio Mané,Liverpool,176,MID,11,11,12,3,0,28,0,0,0,0,14,120,28.0,2808,1,4,1250,1210,1190,1210,1300,1230,2020-21,0
Marcus Rashford,Man Utd,174,MID,11,11,12,4,0,39,0,0,0,0,9,95,30.0,2917,2,4,1250,1320,1250,1280,1240,1310,2020-21,0
Stuart Dallas,Leeds,171,DEF,8,3,12,7,0,53,0,0,0,0,15,45,37.0,3410,1,3,1160,1170,1060,1150,1210,1170,2020-21,1
Ollie Watkins,Aston Villa,168,FWD,14,9,14,2,1,46,0,1,0,0,18,60,35.0,3328,2,3,1100,1160,1120,1140,1080,1100,2020-21,0
Dominic Calvert-Lewin,Everton,165,FWD,16,6,11,3,0,39,0,0,0,0,21,70,30.0,2871,1,3,1250,1130,1130,1100,1200,1140,2020-21,0
Andrew Robertson,Liverpool,161,DEF,1,8,12,2,0,42,0,0,0,0,19,70,34.0,3384,1,4,1250,1210,1190,1210,1300,1230,2020-21,0
Jack Harrison,Leeds,160,MID,8,10,11,2,0,45,0,0,0,0,15,55,29.0,2846,1,3,1160,1170,1060,1150,1210,1170,2020-21,1
Trent Alexander-Arnold,Liverpool,160,DEF,2,8,10,2,0,40,0,0,0,0,26,75,31.0,3029,1,4,1250,1210,1190,1210,1300,1230,2020-21,0
Ederson Santana de Moraes,Man City,160,GK,0,1,19,3,0,28,0,0,1,66,3,60,32.0,3240,2,5,1340,1360,1280,1320,1340,1350,2020-21,0
Ilkay Gündogan,Man City,157,MID,13,4,12,1,0,16,0,1,0,0,22,55,19.0,2025,2,5,1340,1360,1280,1320,1340,1350,2020-21,0
James Ward-Prowse,Southampton,156,MID,8,7,9,5,0,68,0,1,0,0,17,60,35.0,3420,1,3,1060,1100,1030,1110,1110,1160,2020-21,0
Raheem Sterling,Man City,154,MID,10,9,14,4,0,23,0,1,0,0,10,115,26.0,2534,2,5,1340,1360,1280,1320,1340,1350,2020-21,0
Illan Meslier,Leeds,154,GK,0,0,11,0,0,52,1,0,1,140,20,45,34.0,3150,1,3,1160,1170,1060,1150,1210,1170,2020-21,1
Matheus Pereira,West Brom,153,MID,11,7,6,2,1,58,0,0,0,0,15,60,26.0,2574,1,2,1050,1040,1040,1000,1050,1040,2020-21,1
Aaron Cresswell,West Ham,153,DEF,0,11,11,3,0,41,0,0,0,0,21,50,33.0,3170,1,4,1230,1260,1140,1190,1260,1290,2020-21,0
Hugo Lloris,Spurs,149,GK,0,0,12,0,0,45,0,0,0,114,13,55,36.0,3420,1,4,1190,1250,1130,1170,1250,1290,2020-21,0
Mason Mount,Chelsea,147,MID,6,7,14,2,0,32,0,0,0,0,16,70,30.0,2887,1,4,1250,1280,1260,1300,1250,1310,2020-21,0
Tomas Soucek,West Ham,147,MID,10,2,11,7,1,47,1,0,0,0,16,50,37.0,3420,1,4,1230,1260,1140,1190,1260,1290,2020-21,0
Riyad Mahrez,Man City,145,MID,9,8,11,0,0,22,0,0,0,0,15,85,21.0,1945,2,5,1340,1360,1280,1320,1340,1350,2020-21,0
Nick Pope,Burnley,144,GK,0,0,11,1,0,37,0,0,0,114,20,55,29.0,2880,2,2,1060,1070,1040,1090,1040,1080,2020-21,0
Aaron Wan-Bissaka,Man Utd,144,DEF,2,5,13,3,0,36,0,0,0,0,11,55,31.0,3060,2,4,1250,1320,1250,1280,1240,1310,2020-21,0
Rúben Santos Gato Alves Dias,Man City,142,DEF,1,1,17,4,0,21,1,0,0,0,12,55,29.0,2843,4,5,1340,1360,1280,1320,1340,1350,2020-21,0
Roberto Firmino,Liverpool,141,FWD,9,8,10,2,0,39,0,0,0,0,15,95,31.0,2837,1,4,1250,1210,1190,1210,1300,1230,2020-21,0
Kevin De Bruyne,Man City,141,MID,6,12,12,1,0,17,0,1,0,0,19,115,20.0,1995,2,5,1340,1360,1280,1320,1340,1350,2020-21,0
Jarrod Bowen,West Ham,141,MID,8,6,9,0,0,33,0,0,0,0,8,65,27.0,2556,1,4,1230,1260,1140,1190,1260,1290,2020-21,0
Alisson Ramses Becker,Liverpool,140,GK,1,0,10,1,0,32,0,0,1,84,13,60,31.0,2970,1,4,1250,1210,1190,1210,1300,1230,2020-21,0
Sam Johnstone,West Brom,140,GK,0,1,6,1,0,74,0,0,1,166,19,45,36.0,3330,1,2,1050,1040,1040,1000,1050,1040,2020-21,1
Edouard Mendy,Chelsea,140,GK,0,0,16,2,0,25,0,0,1,57,8,50,28.0,2745,3,4,1250,1280,1260,1300,1250,1310,2020-21,0
Benjamin Chilwell,Chelsea,139,DEF,3,6,12,3,0,23,0,0,0,0,11,55,24.0,2286,1,4,1250,1280,1260,1300,1250,1310,2020-21,0
João Pedro Cavaco Cancelo,Man City,138,DEF,2,4,14,5,1,21,0,0,0,0,18,55,25.0,2298,2,5,1340,1360,1280,1320,1340,1350,2020-21,0
Chris Wood,Burnley,138,FWD,12,3,9,0,0,43,0,0,0,0,16,65,31.0,2741,2,2,1060,1070,1040,1090,1040,1080,2020-21,0
Matt Targett,Aston Villa,138,DEF,0,4,16,7,0,44,0,0,0,0,9,45,35.0,3404,2,3,1100,1160,1120,1140,1080,1100,2020-21,0
Che Adams,Southampton,137,FWD,9,7,7,1,0,51,0,0,0,0,16,60,27.0,2662,1,3,1060,1100,1030,1110,1110,1160,2020-21,0
Wilfried Zaha,Crystal Palace,136,MID,11,4,6,6,0,52,0,0,0,0,11,70,27.0,2612,1,3,1090,1110,1030,1120,1010,1020,2020-21,0
Jack Grealish,Aston Villa,135,MID,6,12,12,6,0,28,0,0,0,0,13,70,23.0,2183,2,3,1100,1160,1120,1140,1080,1100,2020-21,0
Bertrand Traoré,Aston Villa,135,MID,7,7,11,1,0,31,0,0,0,0,7,60,23.0,2315,3,3,1100,1160,1120,1140,1080,1100,2020-21,0
Phil Foden,Man City,135,MID,9,8,6,0,0,16,0,0,0,0,17,65,14.0,1607,2,5,1340,1360,1280,1320,1340,1350,2020-21,0
Callum Wilson,Newcastle,134,FWD,12,6,5,2,0,37,0,0,0,0,22,65,21.0,2081,1,2,1050,1070,1050,1060,1030,1110,2020-21,0
Raphael Dias Belloli,Leeds,133,MID,6,10,9,3,0,34,0,0,0,0,11,55,25.0,2358,5,3,1160,1170,1060,1150,1210,1170,2020-21,1
Lukasz Fabianski,West Ham,133,GK,0,0,10,2,0,44,0,0,1,102,11,50,34.0,3150,1,4,1230,1260,1140,1190,1260,1290,2020-21,0
Youri Tielemans,Leicester,133,MID,6,4,11,6,0,50,0,0,0,0,11,65,34.0,3356,1,4,1240,1260,1190,1150,1150,1230,2020-21,0
James Maddison,Leicester,133,MID,8,7,10,4,0,28,0,0,0,0,12,70,22.0,2093,1,4,1240,1260,1190,1150,1150,1230,2020-21,0
Leandro Trossard,Brighton,132,MID,5,6,12,2,0,30,0,0,0,0,15,60,29.0,2602,1,3,1130,1130,1150,1190,1100,1130,2020-21,0
Rui Pedro dos Santos Patrício,Wolves,132,GK,0,0,10,1,0,51,0,0,1,100,12,55,36.0,3330,1,3,1080,1110,1120,1130,1040,1120,2020-21,0
Bernd Leno,Arsenal,131,GK,0,0,11,0,1,37,1,0,1,86,11,50,34.0,3131,1,4,1200,1250,1130,1150,1220,1210,2020-21,0
Pierre-Emerick Aubameyang,Arsenal,131,MID,10,3,10,2,0,26,1,0,0,0,11,120,26.0,2330,1,4,1200,1250,1130,1150,1220,1210,2020-21,0
Danny Ings,Southampton,131,FWD,12,4,6,1,0,40,0,0,0,0,21,85,22.0,2172,1,3,1060,1100,1030,1110,1110,1160,2020-21,0
Lewis Dunk,Brighton,130,DEF,5,0,11,5,2,40,1,0,0,0,17,50,32.0,2932,1,3,1130,1130,1150,1190,1100,1130,2020-21,0
Alexandre Lacazette,Arsenal,129,FWD,13,3,7,3,0,21,0,0,0,0,21,85,19.0,1916,1,4,1200,1250,1130,1150,1220,1210,2020-21,0
Tyrone Mings,Aston Villa,128,DEF,2,2,14,4,1,42,1,0,0,0,8,50,32.0,3194,2,3,1100,1160,1120,1140,1080,1100,2020-21,0
Kasper Schmeichel,Leicester,128,GK,0,0,11,0,0,50,1,0,0,88,6,55,35.0,3420,1,4,1240,1260,1190,1150,1150,1230,2020-21,0
John Stones,Man City,128,DEF,4,0,14,0,1,12,0,0,0,0,11,50,20.0,1933,2,5,1340,1360,1280,1320,1340,1350,2020-21,0
Timo Werner,Chelsea,128,FWD,6,12,13,2,0,29,0,0,0,0,7,95,28.0,2598,1,4,1250,1280,1260,1300,1250,1310,2020-21,0
Vladimir Coufal,West Ham,128,DEF,0,9,9,3,0,43,0,0,0,0,12,45,33.0,3054,4,4,1230,1260,1140,1190,1260,1290,2020-21,0
Michael Keane,Everton,127,DEF,3,1,11,4,0,43,0,0,0,0,13,50,31.0,2989,1,3,1250,1130,1130,1100,1200,1140,2020-21,0
Harvey Barnes,Leicester,126,MID,9,5,7,0,0,25,0,0,0,0,13,70,20.0,1944,1,4,1240,1260,1190,1150,1150,1230,2020-21,0
Eberechi Eze,Crystal Palace,125,MID,4,8,6,3,0,51,0,0,0,0,17,60,25.0,2555,1,3,1090,1110,1030,1120,1010,1020,2020-21,0
Pablo Fornals,West Ham,125,MID,5,7,9,3,0,33,0,0,0,0,10,65,30.0,2571,1,4,1230,1260,1140,1190,1260,1290,2020-21,0
Luke Shaw,Man Utd,124,DEF,1,5,10,8,0,33,1,0,0,0,22,50,25.0,2653,2,4,1250,1320,1250,1280,1240,1310,2020-21,0
Pedro Lomba Neto,Wolves,124,MID,5,8,9,4,0,38,0,0,0,0,10,55,28.0,2549,1,3,1080,1110,1120,1130,1040,1120,2020-21,0
Vicente Guaita,Crystal Palace,124,GK,0,0,8,2,0,64,0,0,1,107,15,50,35.0,3330,1,3,1090,1110,1030,1120,1010,1020,2020-21,0
Alphonse Areola,Fulham,124,GK,0,0,9,2,0,48,0,0,0,116,9,45,33.0,3240,1,3,1090,1100,1150,1110,1040,1060,2020-21,1
Harry Maguire,Man Utd,124,DEF,2,2,13,11,0,36,0,0,0,0,8,55,32.0,3047,2,4,1250,1320,1250,1280,1240,1310,2020-21,0
Richarlison de Andrade,Everton,123,FWD,7,6,11,4,1,38,0,0,0,0,18,80,29.0,2862,1,3,1250,1130,1130,1100,1200,1140,2020-21,0
Aaron Ramsdale,Sheffield Utd,123,GK,0,0,5,1,0,63,0,0,0,146,12,50,37.0,3420,1,2,1000,1040,1020,1070,1000,1010,2020-21,0
Gylfi Sigurdsson,Everton,122,MID,6,5,10,2,0,29,0,1,0,0,13,70,20.0,2244,1,3,1250,1130,1130,1100,1200,1140,2020-21,0
Lucas Digne,Everton,120,DEF,0,9,9,2,1,42,0,0,0,0,18,60,27.0,2681,1,3,1250,1130,1130,1100,1200,1140,2020-21,0
Ezri Konsa Ngoyo,Aston Villa,119,DEF,2,0,12,3,0,46,0,0,0,0,8,45,32.0,3195,2,3,1100,1160,1120,1140,1080,1100,2020-21,0
Michail Antonio,West Ham,118,FWD,10,5,6,3,0,25,0,0,0,0,19,65,20.0,1972,1,4,1230,1260,1140,1190,1260,1290,2020-21,0
Pascal Groß,Brighton,116,MID,3,8,10,3,0,28,0,1,0,0,11,60,27.0,2479,1,3,1130,1130,1150,1190,1100,1130,2020-21,0
Stuart Armstrong,Southampton,115,MID,4,7,8,3,0,56,0,0,0,0,4,55,30.0,2764,1,3,1060,1100,1030,1110,1110,1160,2020-21,0
Gabriel Fernando de Jesus,Man City,115,FWD,9,5,11,2,0,17,0,0,0,0,16,95,20.0,2056,2,5,1340,1360,1280,1320,1340,1350,2020-21,0
John McGinn,Aston Villa,114,MID,3,7,14,12,0,46,0,0,0,0,2,55,35.0,3330,2,3,1100,1160,1120,1140,1080,1100,2020-21,0
Jorge Luiz Frello Filho,Chelsea,114,MID,7,2,14,2,0,17,0,2,0,0,15,50,21.0,2006,1,4,1250,1280,1260,1300,1250,1310,2020-21,0
Jordan Pickford,Everton,114,GK,0,0,10,1,0,39,0,0,0,89,8,50,28.0,2742,1,3,1250,1130,1130,1100,1200,1140,2020-21,0
Nicolas Pépé,Arsenal,114,MID,10,3,4,1,1,21,0,0,0,0,11,80,14.0,1606,1,4,1200,1250,1130,1150,1220,1210,2020-21,0
Bukayo Saka,Arsenal,114,MID,5,5,8,1,0,31,1,0,0,0,8,55,28.0,2554,1,4,1200,1250,1130,1150,1220,1210,2020-21,0
Dwight McNeil,Burnley,113,MID,2,5,11,1,0,50,0,0,0,0,8,60,32.0,3068,2,2,1060,1070,1040,1090,1040,1080,2020-21,0
César Azpilicueta,Chelsea,113,DEF,1,2,13,5,1,20,0,0,0,0,12,60,22.0,2187,1,4,1250,1280,1260,1300,1250,1310,2020-21,0
Gareth Bale,Spurs,113,MID,11,3,5,1,0,12,0,0,0,0,16,95,7.0,912,3,4,1190,1250,1130,1170,1250,1290,2020-21,0
Reece James,Chelsea,112,DEF,1,3,9,3,0,29,0,0,0,0,15,50,24.0,2367,1,4,1250,1280,1260,1300,1250,1310,2020-21,0
Ashley Westwood,Burnley,112,MID,3,4,11,7,0,55,0,0,0,0,5,55,35.0,3410,2,2,1060,1070,1040,1090,1040,1080,2020-21,0
Anwar El Ghazi,Aston Villa,111,MID,10,0,5,2,0,22,0,0,0,0,13,60,15.0,1604,2,3,1100,1160,1120,1140,1080,1100,2020-21,0
Ezgjan Alioski,Leeds,110,DEF,2,3,10,7,0,35,0,0,0,0,7,45,24.0,2456,1,3,1160,1170,1060,1150,1210,1170,2020-21,1
Kelechi Iheanacho,Leicester,110,FWD,12,2,5,1,0,23,0,1,0,0,18,60,13.0,1452,1,4,1240,1260,1190,1150,1150,1230,2020-21,0
James Tarkowski,Burnley,109,DEF,1,0,11,6,0,50,0,0,0,0,9,55,33.0,3240,2,2,1060,1070,1040,1090,1040,1080,2020-21,0
Nélson Cabral Semedo,Wolves,109,DEF,1,3,9,5,0,45,1,0,0,0,11,55,32.0,2983,3,3,1080,1110,1120,1130,1040,1120,2020-21,0
Jonny Evans,Leicester,109,DEF,2,2,10,7,0,31,1,0,0,0,12,55,27.0,2473,1,4,1240,1260,1190,1150,1150,1230,2020-21,0
Kurt Zouma,Chelsea,108,DEF,5,0,9,3,0,25,0,0,0,0,6,50,22.0,2027,1,4,1250,1280,1260,1300,1250,1310,2020-21,0
Pierre-Emile Højbjerg,Spurs,107,MID,2,4,12,9,0,45,0,0,0,0,6,50,36.0,3420,1,4,1190,1250,1130,1170,1250,1290,2020-21,0
Ademola Lookman,Fulham,107,MID,4,4,10,5,0,33,0,1,0,0,8,50,27.0,2746,4,3,1090,1100,1150,1110,1040,1060,2020-21,1
Christian Benteke,Crystal Palace,106,FWD,10,2,5,1,1,34,0,0,0,0,14,55,18.0,1808,1,3,1090,1110,1030,1120,1010,1020,2020-21,0
Conor Coady,Wolves,106,DEF,1,0,10,5,0,51,0,0,0,0,7,50,36.0,3303,1,3,1080,1110,1120,1130,1040,1120,2020-21,0
Mason Greenwood,Man Utd,106,MID,7,2,7,2,0,23,0,0,0,0,9,75,18.0,1813,2,4,1250,1320,1250,1280,1240,1310,2020-21,0
Jesse Lingard,West Ham,106,MID,9,5,4,3,0,19,0,1,0,0,15,60,16.0,1423,2,4,1230,1260,1140,1190,1260,1290,2020-21,0
Rob Holding,Arsenal,105,DEF,0,1,11,2,0,26,1,0,0,0,10,45,27.0,2557,1,4,1200,1250,1130,1150,1220,1210,2020-21,0
Neal Maupay,Brighton,105,FWD,8,2,10,1,1,34,0,1,0,0,12,65,28.0,2508,1,3,1130,1130,1150,1190,1100,1130,2020-21,0
Rúben Diogo da Silva Neves,Wolves,104,MID,5,1,8,8,0,42,0,0,0,0,10,55,28.0,2670,1,3,1080,1110,1120,1130,1040,1120,2020-21,0
Ben White,Brighton,104,DEF,0,0,12,3,1,44,0,0,0,0,5,45,36.0,3192,1,3,1130,1130,1150,1190,1100,1130,2020-21,0
Matthew Lowton,Burnley,103,DEF,1,1,10,5,0,47,0,0,0,0,6,45,31.0,3060,2,2,1060,1070,1040,1090,1040,1080,2020-21,0
Ola Aina,Fulham,102,DEF,2,1,8,3,0,36,0,0,0,0,8,45,28.0,2664,4,3,1090,1100,1150,1110,1040,1060,2020-21,1
Victor Lindelöf,Man Utd,102,DEF,1,1,10,0,0,30,0,0,0,0,3,50,28.0,2585,2,4,1250,1320,1250,1280,1240,1310,2020-21,0
Ben Mee,Burnley,102,DEF,2,0,10,3,0,41,0,0,0,0,7,50,28.0,2693,2,2,1060,1070,1040,1090,1040,1080,2020-21,0
James Justin,Leicester,101,DEF,2,2,9,4,0,25,0,0,0,0,13,45,22.0,2070,1,4,1240,1260,1190,1150,1150,1230,2020-21,0
James Rodríguez,Everton,101,MID,6,5,5,4,0,27,0,0,0,0,11,75,21.0,1763,1,3,1250,1130,1130,1100,1200,1140,2020-21,0
Robert Sánchez,Brighton,101,GK,0,0,10,2,0,27,0,0,0,66,8,45,27.0,2430,7,3,1130,1130,1150,1190,1100,1130,2020-21,0
Ben Godfrey,Everton,100,DEF,0,2,11,4,0,35,1,0,0,0,7,50,26.0,2683,5,3,1250,1130,1130,1100,1200,1140,2020-21,0
Angelo Ogbonna,West Ham,100,DEF,3,0,9,5,0,34,0,0,0,0,5,50,27.0,2492,1,4,1230,1260,1140,1190,1260,1290,2020-21,0
David McGoldrick,Sheffield Utd,100,FWD,8,1,9,7,0,37,0,0,0,0,12,55,25.0,2391,1,2,1000,1040,1020,1070,1000,1010,2020-21,0
Tosin Adarabioyo,Fulham,100,DEF,0,1,9,1,0,41,1,0,0,0,11,45,30.0,2953,5,3,1090,1100,1150,1110,1040,1060,2020-21,1
Luke Ayling,Leeds,100,DEF,0,0,12,7,0,54,0,0,0,0,2,45,37.0,3399,1,3,1160,1170,1060,1150,1210,1170,2020-21,1
Romain Saïss,Wolves,99,DEF,3,0,8,2,0,40,0,0,0,0,11,50,26.0,2407,1,3,1080,1110,1120,1130,1040,1120,2020-21,0
Tanguy Ndombele,Spurs,99,MID,3,3,12,3,0,24,0,0,0,0,7,60,24.0,2086,1,4,1190,1250,1130,1170,1250,1290,2020-21,0
Mateusz Klich,Leeds,99,MID,4,5,8,6,0,44,0,0,0,0,3,55,24.0,2386,1,3,1160,1170,1060,1150,1210,1170,2020-21,1
Edinson Cavani,Man Utd,99,FWD,10,4,4,4,0,18,0,0,0,0,14,80,11.0,1364,5,4,1250,1320,1250,1280,1240,1310,2020-21,0
Georginio Wijnaldum,Liverpool,97,MID,2,1,10,1,0,39,0,0,0,0,3,55,31.0,2938,1,4,1250,1210,1190,1210,1300,1230,2020-21,0
Miguel Almirón,Newcastle,97,MID,4,2,5,3,0,48,0,0,0,0,8,60,26.0,2426,1,2,1050,1070,1050,1060,1030,1110,2020-21,0
Joël Veltman,Brighton,96,DEF,1,1,9,3,0,27,0,0,0,0,10,45,24.0,2280,1,3,1130,1130,1150,1190,1100,1130,2020-21,0
Kieran Tierney,Arsenal,96,DEF,1,4,8,4,0,27,0,0,0,0,4,55,25.0,2299,1,4,1200,1250,1130,1150,1220,1210,2020-21,0
Ferran Torres,Man City,95,MID,7,4,7,1,0,13,0,0,0,0,4,70,13.0,1297,2,5,1340,1360,1280,1320,1340,1350,2020-21,0
Timothy Castagne,Leicester,94,DEF,2,4,6,1,0,37,0,0,0,0,7,55,22.0,2345,1,4,1240,1260,1190,1150,1150,1230,2020-21,0
Héctor Bellerín,Arsenal,94,DEF,1,3,7,8,0,24,0,0,0,0,17,50,23.0,2089,1,4,1200,1250,1130,1150,1220,1210,2020-21,0
Alex McCarthy,Southampton,94,GK,0,0,7,2,0,57,0,0,0,93,8,45,29.0,2700,1,3,1060,1100,1030,1110,1110,1160,2020-21,0
Jan Bednarek,Southampton,94,DEF,1,1,9,5,1,62,1,0,0,0,11,45,31.0,3100,1,3,1060,1100,1030,1110,1110,1160,2020-21,0
Andros Townsend,Crystal Palace,94,MID,1,5,7,0,0,37,0,0,0,0,8,60,24.0,2250,1,3,1090,1110,1030,1120,1010,1020,2020-21,0
Bernardo Mota Veiga de Carvalho e Silva,Man City,94,MID,2,7,11,5,0,18,0,0,0,0,9,75,21.0,2063,2,5,1340,1360,1280,1320,1340,1350,2020-21,0
Adama Traoré,Wolves,94,MID,2,4,7,4,0,41,0,0,0,0,5,65,26.0,2640,1,3,1080,1110,1120,1130,1040,1120,2020-21,0
Kyle Walker-Peters,Southampton,93,DEF,0,3,9,4,0,41,0,0,0,0,7,45,28.0,2646,1,3,1060,1100,1030,1110,1110,1160,2020-21,0
Joachim Andersen,Fulham,93,DEF,1,1,9,6,1,36,0,0,0,0,7,45,27.0,2729,5,3,1090,1100,1150,1110,1040,1060,2020-21,1
Antonio Rüdiger,Chelsea,93,DEF,1,0,11,0,0,10,1,0,0,0,9,50,17.0,1710,1,4,1250,1280,1260,1300,1250,1310,2020-21,0
Paul Pogba,Man Utd,92,MID,3,6,5,3,0,26,0,0,0,0,11,80,18.0,1892,2,4,1250,1320,1250,1280,1240,1310,2020-21,0
Thiago Thiago,Chelsea,92,DEF,2,0,10,3,1,25,0,0,0,0,10,55,20.0,1935,1,4,1250,1280,1260,1300,1250,1310,2020-21,0
Scott McTominay,Man Utd,91,MID,4,2,9,3,0,25,0,0,0,0,4,50,22.0,2124,2,4,1250,1320,1250,1280,1240,1310,2020-21,0
David de Gea,Man Utd,91,GK,0,0,9,0,0,32,0,0,0,59,4,55,24.0,2295,2,4,1250,1320,1250,1280,1240,1310,2020-21,0
Kai Havertz,Chelsea,91,MID,4,6,8,2,0,15,0,0,0,0,3,85,17.0,1512,1,4,1250,1280,1260,1300,1250,1310,2020-21,0
Rodrigo Hernandez,Man City,91,MID,2,2,13,6,0,27,0,0,0,0,5,55,28.0,2747,2,5,1340,1360,1280,1320,1340,1350,2020-21,0
Kyle Walker,Man City,91,DEF,1,1,9,1,0,20,0,0,0,0,7,60,20.0,1944,2,5,1340,1360,1280,1320,1340,1350,2020-21,0
Danny Welbeck,Brighton,89,FWD,6,4,6,0,0,18,0,1,0,0,15,55,16.0,1541,6,3,1130,1130,1150,1190,1100,1130,2020-21,0
Matthew Cash,Aston Villa,89,DEF,0,2,11,6,1,35,0,0,0,0,8,50,24.0,2373,2,3,1100,1160,1120,1140,1080,1100,2020-21,0
Rodrigo Moreno,Leeds,89,FWD,7,4,3,3,0,21,0,0,0,0,16,60,10.0,1279,1,3,1160,1170,1060,1150,1210,1170,2020-21,1
Sergio Reguilón,Spurs,89,DEF,0,6,8,5,0,31,1,0,0,0,4,55,24.0,2244,3,4,1190,1250,1130,1170,1250,1290,2020-21,0
Toby Alderweireld,Spurs,88,DEF,1,0,10,2,0,25,1,0,0,0,4,55,23.0,2240,1,4,1190,1250,1130,1170,1250,1290,2020-21,0
Bobby Decordova-Reid,Fulham,88,FWD,5,3,9,7,0,32,0,0,0,0,6,55,26.0,2367,1,3,1090,1100,1150,1110,1040,1060,2020-21,1
Diogo Jota,Liverpool,86,MID,9,0,4,2,0,15,0,0,0,0,9,65,10.0,1106,1,4,1250,1210,1190,1210,1300,1230,2020-21,0
Jannik Vestergaard,Southampton,86,DEF,3,1,6,3,1,47,0,0,0,0,4,45,25.0,2574,1,3,1060,1100,1030,1110,1110,1160,2020-21,0
Declan Rice,West Ham,86,MID,2,1,11,2,0,37,0,1,0,0,2,50,31.0,2880,1,4,1230,1260,1140,1190,1260,1290,2020-21,0
Ivan Ricardo Neves Abreu Cavaleiro,Fulham,85,MID,3,0,7,2,0,43,0,1,0,0,4,55,26.0,2465,1,3,1090,1100,1150,1110,1040,1060,2020-21,1
Allan Saint-Maximin,Newcastle,85,MID,3,5,7,0,0,26,0,0,0,0,5,55,18.0,1554,1,2,1050,1070,1050,1060,1030,1110,2020-21,0
Adam Webster,Brighton,85,DEF,1,0,9,4,0,35,0,0,0,0,0,45,29.0,2594,1,3,1130,1130,1150,1190,1100,1130,2020-21,0
Charlie Taylor,Burnley,83,DEF,0,2,8,1,0,42,0,0,0,0,5,45,25.0,2425,2,2,1060,1070,1040,1090,1040,1080,2020-21,0
Cheikhou Kouyaté,Crystal Palace,82,MID,1,0,8,4,0,56,0,0,0,0,2,50,33.0,3121,1,3,1090,1110,1030,1120,1010,1020,2020-21,0
Christian Pulisic,Chelsea,82,MID,4,3,7,2,0,21,0,0,0,0,3,85,15.0,1731,1,4,1250,1280,1260,1300,1250,1310,2020-21,0
Seamus Coleman,Everton,81,DEF,0,3,8,0,0,19,0,0,0,0,4,50,15.0,1607,1,3,1250,1130,1130,1100,1200,1140,2020-21,0
Karl Darlow,Newcastle,80,GK,0,0,4,3,0,43,0,0,1,88,6,50,24.0,2250,1,2,1050,1070,1050,1060,1030,1110,2020-21,0
Lucas Rodrigues Moura da Silva,Spurs,80,MID,3,5,4,1,0,18,0,0,0,0,5,70,11.0,1397,1,4,1190,1250,1130,1170,1250,1290,2020-21,0
Serge Aurier,Spurs,80,DEF,2,3,6,0,0,22,0,0,0,0,4,55,17.0,1605,1,4,1190,1250,1130,1170,1250,1290,2020-21,0
Abdoulaye Doucouré,Everton,80,MID,2,3,9,6,0,36,0,0,0,0,2,55,25.0,2443,1,3,1250,1130,1130,1100,1200,1140,2020-21,0
Mason Holgate,Everton,80,DEF,1,0,9,9,0,32,0,0,0,0,4,50,23.0,2286,1,3,1250,1130,1130,1100,1200,1140,2020-21,0
Joseph Willock,Newcastle,79,MID,8,0,4,1,0,18,0,1,0,0,5,50,12.0,1210,1,2,1050,1070,1050,1060,1030,1110,2020-21,0
Darnell Furlong,West Brom,79,DEF,1,3,6,5,0,63,1,0,0,0,2,45,31.0,2931,1,2,1050,1040,1040,1000,1050,1040,2020-21,1
Callum Robinson,West Brom,79,FWD,5,3,3,0,0,42,0,0,0,0,8,55,12.0,1552,1,2,1050,1040,1040,1000,1050,1040,2020-21,1
Yerry Mina,Everton,79,DEF,2,0,6,2,0,22,0,0,0,0,7,55,21.0,1936,1,3,1250,1130,1130,1100,1200,1140,2020-21,0
Wilfred Ndidi,Leicester,79,MID,1,4,7,6,0,31,0,0,0,0,11,50,21.0,2175,1,4,1240,1260,1190,1150,1150,1230,2020-21,0
Kyle Bartley,West Brom,79,DEF,3,1,5,4,0,53,0,0,0,0,3,45,26.0,2583,1,2,1050,1040,1040,1000,1050,1040,2020-21,1
Gabriel Magalhães,Arsenal,78,DEF,2,0,6,2,1,24,0,0,0,0,7,50,21.0,1996,1,4,1200,1250,1130,1150,1220,1210,2020-21,0
Marc Albrighton,Leicester,78,MID,1,7,4,2,0,22,0,0,0,0,3,55,14.0,1735,1,4,1240,1260,1190,1150,1150,1230,2020-21,0
Ryan Bertrand,Southampton,78,DEF,0,2,8,5,0,51,0,0,0,0,4,50,27.0,2598,1,3,1060,1100,1030,1110,1110,1160,2020-21,0
Willian Borges Da Silva,Arsenal,78,MID,1,7,3,0,0,17,0,0,0,0,9,80,15.0,1398,1,4,1200,1250,1130,1150,1220,1210,2020-21,0
Yves Bissouma,Brighton,77,MID,1,0,11,8,1,42,0,0,0,0,2,45,34.0,3112,1,3,1130,1130,1150,1190,1100,1130,2020-21,0
Eric Dier,Spurs,77,DEF,0,0,8,3,0,34,0,0,0,0,2,50,27.0,2520,1,4,1190,1250,1130,1170,1250,1290,2020-21,0
Leander Dendoncker,Wolves,77,MID,1,2,11,4,0,33,1,0,0,0,2,50,25.0,2498,1,3,1080,1110,1120,1130,1040,1120,2020-21,0
André-Frank Zambo Anguissa,Fulham,76,MID,0,3,6,6,0,40,0,0,0,0,4,45,26.0,2581,1,3,1090,1100,1150,1110,1040,1060,2020-21,1
Conor Townsend,West Brom,76,DEF,0,2,6,0,0,36,0,0,0,0,8,45,24.0,2234,1,2,1050,1040,1040,1000,1050,1040,2020-21,1
Ross Barkley,Aston Villa,76,MID,3,2,8,0,0,24,0,0,0,0,4,60,15.0,1566,1,3,1100,1160,1120,1140,1080,1100,2020-21,0
Theo Walcott,Southampton,76,MID,3,4,5,0,0,28,0,0,0,0,2,60,20.0,1629,1,3,1060,1100,1030,1110,1110,1160,2020-21,0
Craig Dawson,West Ham,75,DEF,3,0,7,3,1,25,2,0,0,0,3,45,20.0,1925,5,4,1230,1260,1140,1190,1260,1290,2020-21,0
Daniel Castelo Podence,Wolves,75,MID,3,2,8,3,0,24,0,0,0,0,5,55,20.0,1661,1,3,1080,1110,1120,1130,1040,1120,2020-21,0
Anthony Martial,Man Utd,75,FWD,4,7,4,0,1,23,0,0,0,0,3,90,15.0,1477,2,4,1250,1320,1250,1280,1240,1310,2020-21,0
Emile Smith Rowe,Arsenal,74,MID,2,5,9,0,0,10,0,0,0,0,3,45,16.0,1438,1,4,1200,1250,1130,1150,1220,1210,2020-21,0
Josh Brownhill,Burnley,74,MID,0,1,10,2,0,42,0,0,0,0,0,50,28.0,2812,2,2,1060,1070,1040,1090,1040,1080,2020-21,0
Joelinton Cássio Apolinário de Lira,Newcastle,74,FWD,4,2,3,3,0,36,0,0,0,0,5,60,19.0,1979,1,2,1050,1070,1050,1060,1030,1110,2020-21,0
Jonjo Shelvey,Newcastle,74,MID,1,3,6,7,0,46,0,0,0,0,2,55,28.0,2616,1,2,1050,1070,1050,1060,1030,1110,2020-21,0
João Filipe Iria Santos Moutinho,Wolves,73,MID,1,1,6,3,1,40,0,0,0,0,4,55,27.0,2526,1,3,1080,1110,1120,1130,1040,1120,2020-21,0
Saïd Benrahma,West Ham,73,MID,1,6,3,0,0,19,0,0,0,0,4,60,12.0,1376,6,4,1230,1260,1140,1190,1260,1290,2020-21,0
Douglas Luiz Soares de Paulo,Aston Villa,72,MID,0,2,12,8,1,41,0,0,0,0,0,50,30.0,2781,2,3,1100,1160,1120,1140,1080,1100,2020-21,0
Fabio Silva,Wolves,72,FWD,4,3,0,2,0,29,0,0,0,0,5,55,11.0,1352,1,3,1080,1110,1120,1130,1040,1120,2020-21,0
Conor Gallagher,West Brom,71,MID,2,2,5,11,0,48,0,0,0,0,3,55,27.0,2530,3,2,1050,1040,1040,1000,1050,1040,2020-21,1
Wesley Fofana,Leicester,71,DEF,0,1,7,7,0,30,0,0,0,0,5,50,23.0,2260,4,4,1240,1260,1190,1150,1150,1230,2020-21,0
Fabio Henrique Tavares,Liverpool,71,MID,0,2,11,6,0,29,0,0,0,0,2,55,26.0,2566,1,4,1250,1210,1190,1210,1300,1230,2020-21,0
Pascal Struijk,Leeds,71,DEF,1,0,7,3,0,32,0,0,0,0,2,40,20.0,2072,1,3,1160,1170,1060,1150,1210,1170,2020-21,1
John Fleck,Sheffield Utd,70,MID,0,3,5,4,0,47,0,0,0,0,1,60,27.0,2573,1,2,1000,1040,1020,1070,1000,1010,2020-21,0
Granit Xhaka,Arsenal,70,MID,1,2,10,7,1,27,0,0,0,0,1,55,27.0,2519,1,4,1200,1250,1130,1150,1220,1210,2020-21,0
Jordan Ayew,Crystal Palace,70,FWD,1,4,6,4,0,42,0,0,0,0,2,60,22.0,2086,1,3,1090,1110,1030,1120,1010,1020,2020-21,0
Hakim Ziyech,Chelsea,70,MID,2,3,10,3,0,7,0,0,0,0,8,80,12.0,1164,1,4,1250,1280,1260,1300,1250,1310,2020-21,0
Matt Phillips,West Brom,69,MID,2,1,3,1,0,42,0,0,0,0,3,55,17.0,1815,1,2,1050,1040,1040,1000,1050,1040,2020-21,1
Frederico Rodrigues de Paula Santos,Man Utd,69,MID,1,0,12,5,0,25,0,0,0,0,1,55,23.0,2389,2,4,1250,1320,1250,1280,1240,1310,2020-21,0
Solomon March,Brighton,69,MID,2,2,7,0,0,25,0,0,0,0,6,50,19.0,1670,1,3,1130,1130,1150,1190,1100,1130,2020-21,0
Harrison Reed,Fulham,69,MID,0,3,9,5,0,35,0,0,0,0,0,45,22.0,2243,1,3,1090,1100,1150,1110,1040,1060,2020-21,1
Jacob Murphy,Newcastle,69,MID,2,3,3,3,0,33,0,0,0,0,7,50,17.0,1617,1,2,1050,1070,1050,1060,1030,1110,2020-21,0
Oleksandr Zinchenko,Man City,69,DEF,0,0,8,0,0,14,0,0,0,0,5,55,14.0,1473,2,5,1340,1360,1280,1320,1340,1350,2020-21,0
Tammy Abraham,Chelsea,69,FWD,6,2,5,0,0,12,0,0,0,0,8,75,9.0,1031,1,4,1250,1280,1260,1300,1250,1310,2020-21,0
Willy Boly,Wolves,68,DEF,1,1,6,2,0,29,0,0,0,0,4,55,21.0,1879,1,3,1080,1110,1120,1130,1040,1120,2020-21,0
Ainsley Maitland-Niles,West Brom,68,DEF,0,2,6,2,0,23,0,0,0,0,1,50,18.0,1714,1,2,1050,1040,1040,1000,1050,1040,2020-21,1
Nathaniel Phillips,Liverpool,68,DEF,1,1,7,2,0,11,0,0,0,0,1,40,14.0,1455,6,4,1250,1210,1190,1210,1300,1230,2020-21,0
Nathan Redmond,Southampton,67,MID,2,3,1,1,0,39,0,0,0,0,3,65,15.0,1727,1,3,1060,1100,1030,1110,1110,1160,2020-21,0
Kalvin Phillips,Leeds,67,MID,1,2,9,10,0,34,0,0,0,0,2,50,26.0,2428,1,3,1160,1170,1060,1150,1210,1170,2020-21,1
Joel Ward,Crystal Palace,66,DEF,0,1,7,5,0,43,0,0,0,0,6,45,23.0,2255,1,3,1090,1110,1030,1120,1010,1020,2020-21,0
Ruben Loftus-Cheek,Fulham,66,MID,1,0,11,3,0,22,0,0,0,0,0,60,19.0,1962,1,3,1090,1100,1150,1110,1040,1060,2020-21,1
Alex Iwobi,Everton,65,MID,1,3,5,0,0,21,0,0,0,0,1,60,14.0,1530,1,3,1250,1130,1130,1100,1200,1140,2020-21,0
Jeffrey Schlupp,Crystal Palace,65,MID,2,3,5,3,0,26,0,0,0,0,3,55,14.0,1415,1,3,1090,1110,1030,1120,1010,1020,2020-21,0
Fernando Luiz Rosa,Man City,65,DEF,0,2,7,6,0,10,0,0,0,0,8,55,11.0,1182,2,5,1340,1360,1280,1320,1340,1350,2020-21,0
Jairo Riedewald,Crystal Palace,64,MID,2,0,4,4,0,39,0,0,0,0,4,45,17.0,1810,1,3,1090,1110,1030,1120,1010,1020,2020-21,0
Dan Burn,Brighton,64,DEF,1,0,6,5,0,28,1,0,0,0,1,45,22.0,2057,1,3,1130,1130,1150,1190,1100,1130,2020-21,0
George Baldock,Sheffield Utd,63,DEF,0,2,4,7,0,51,0,0,0,0,2,55,29.0,2787,1,2,1000,1040,1020,1070,1000,1010,2020-21,0
Aleksandar Mitrović,Fulham,63,FWD,3,3,1,3,0,24,0,1,0,0,7,60,13.0,1389,1,3,1090,1100,1150,1110,1040,1060,2020-21,1
Luka Milivojevic,Crystal Palace,63,MID,1,1,7,8,1,47,0,1,0,0,3,60,25.0,2357,1,3,1090,1110,1030,1120,1010,1020,2020-21,0
Hélder Wander Sousa de Azevedo e Costa,Leeds,63,MID,3,4,3,0,0,23,1,0,0,0,2,55,11.0,1150,1,3,1160,1170,1060,1150,1210,1170,2020-21,1
Benjamin Mendy,Man City,63,DEF,2,1,5,2,0,10,0,0,0,0,8,60,11.0,951,2,5,1340,1360,1280,1320,1340,1350,2020-21,0
N'Golo Kanté,Chelsea,62,MID,0,2,10,7,0,24,0,0,0,0,0,50,22.0,2140,1,4,1250,1280,1260,1300,1250,1310,2020-21,0
Daniel Ceballos Fernández,Arsenal,62,MID,0,4,6,4,0,17,0,0,0,0,7,50,16.0,1609,1,4,1200,1250,1130,1150,1220,1210,2020-21,0
Matej Vydra,Burnley,62,FWD,3,2,3,0,0,24,0,0,0,0,2,50,12.0,1359,2,2,1060,1070,1040,1090,1040,1080,2020-21,0
Andreas Christensen,Chelsea,61,DEF,0,0,8,2,1,17,0,0,0,0,9,50,12.0,1371,1,4,1250,1280,1260,1300,1250,1310,2020-21,0
Liam Cooper,Leeds,59,DEF,1,0,6,4,1,41,0,0,0,0,2,45,23.0,2186,1,3,1160,1170,1060,1150,1210,1170,2020-21,1
Callum Hudson-Odoi,Chelsea,59,MID,2,3,6,0,0,5,0,0,0,0,2,60,9.0,1050,1,4,1250,1280,1260,1300,1250,1310,2020-21,0
Çaglar Söyüncü,Leicester,59,DEF,1,0,5,2,0,30,0,0,0,0,3,55,17.0,1816,1,4,1240,1260,1190,1150,1150,1230,2020-21,0
Aymeric Laporte,Man City,58,DEF,0,0,7,1,0,10,0,0,0,0,4,60,13.0,1343,2,5,1340,1360,1280,1320,1340,1350,2020-21,0
Ayoze Pérez,Leicester,58,MID,2,1,5,2,0,21,0,0,0,0,2,65,13.0,1322,1,4,1240,1260,1190,1150,1150,1230,2020-21,0
Tyrick Mitchell,Crystal Palace,58,DEF,1,2,4,1,0,32,0,0,0,0,5,40,18.0,1710,1,3,1090,1110,1030,1120,1010,1020,2020-21,0
Adam Lallana,Brighton,58,MID,1,1,5,0,0,18,0,0,0,0,2,65,12.0,1584,1,3,1130,1130,1150,1190,1100,1130,2020-21,0
Max Kilman,Wolves,58,DEF,0,1,5,4,0,11,0,0,0,0,8,40,14.0,1307,1,3,1080,1110,1120,1130,1040,1120,2020-21,0
Antonee Robinson,Fulham,57,DEF,0,0,5,4,1,28,0,0,0,0,1,45,23.0,2159,1,3,1090,1100,1150,1110,1040,1060,2020-21,1
Mbaye Diagne,West Brom,57,FWD,3,5,4,2,0,17,0,0,0,0,3,60,11.0,1188,21,2,1050,1040,1040,1000,1050,1040,2020-21,1
John Egan,Sheffield Utd,57,DEF,0,1,4,7,1,48,0,0,0,0,4,50,29.0,2628,1,2,1000,1040,1020,1070,1000,1010,2020-21,0
Marcos Alonso,Chelsea,57,DEF,2,1,5,2,0,13,0,0,0,0,5,60,10.0,958,1,4,1250,1280,1260,1300,1250,1310,2020-21,0
Jordan Henderson,Liverpool,56,MID,1,2,4,0,0,23,0,0,0,0,2,55,18.0,1704,1,4,1250,1210,1190,1210,1300,1230,2020-21,0
Enda Stevens,Sheffield Utd,56,DEF,0,1,4,6,0,54,0,0,0,0,2,55,29.0,2700,1,2,1000,1040,1020,1070,1000,1010,2020-21,0
Mahmoud Ahmed Ibrahim Hassan,Aston Villa,56,MID,2,1,6,0,0,14,0,0,0,0,3,55,13.0,1157,2,3,1100,1160,1120,1140,1080,1100,2020-21,0
Mario Lemina,Fulham,55,MID,1,1,3,5,0,27,0,0,0,0,3,45,17.0,1696,1,3,1090,1100,1150,1110,1040,1060,2020-21,1
Thiago Alcántara do Nascimento,Liverpool,55,MID,1,0,8,4,0,18,0,0,0,0,1,60,18.0,1851,2,4,1250,1210,1190,1210,1300,1230,2020-21,0
Steven Bergwijn,Spurs,55,MID,1,4,5,3,0,15,0,0,0,0,2,75,13.0,1202,1,4,1190,1250,1130,1170,1250,1290,2020-21,0
Patrick van Aanholt,Crystal Palace,54,DEF,0,2,4,2,0,36,0,0,0,0,5,55,18.0,1775,1,3,1090,1110,1030,1120,1010,1020,2020-21,0
Jay Rodriguez,Burnley,54,FWD,1,3,4,3,0,25,0,0,0,0,2,60,10.0,1248,2,2,1060,1070,1040,1090,1040,1080,2020-21,0
Oliver Norwood,Sheffield Utd,54,MID,0,0,5,6,0,43,0,0,0,0,0,50,22.0,2214,1,2,1000,1040,1020,1070,1000,1010,2020-21,0
Mateo Kovacic,Chelsea,54,MID,0,1,9,4,0,26,0,0,0,0,0,55,18.0,1809,1,4,1250,1280,1260,1300,1250,1310,2020-21,0
Rayan Ait Nouri,Wolves,54,DEF,1,1,3,1,0,23,0,0,0,0,6,50,14.0,1400,5,3,1080,1110,1120,1130,1040,1120,2020-21,0
Gary Cahill,Crystal Palace,53,DEF,1,1,4,3,0,39,0,0,0,0,6,45,19.0,1800,1,3,1090,1110,1030,1120,1010,1020,2020-21,0
Federico Fernández,Newcastle,53,DEF,0,0,5,4,0,38,1,0,0,0,6,50,23.0,2080,1,2,1050,1070,1050,1060,1030,1110,2020-21,0
Ben Davies,Spurs,52,DEF,0,2,4,1,0,16,0,0,0,0,1,50,14.0,1340,1,4,1190,1250,1130,1170,1250,1290,2020-21,0
Ben Davies,Liverpool,52,DEF,0,2,4,1,0,16,0,0,0,0,1,50,14.0,1340,1,4,1250,1210,1190,1210,1300,1230,2020-21,0
Matt Ritchie,Newcastle,52,MID,0,5,3,2,0,22,1,0,0,0,5,50,15.0,1347,1,2,1050,1070,1050,1060,1030,1110,2020-21,0
Ashley Barnes,Burnley,52,FWD,3,0,6,4,0,19,0,0,0,0,7,60,13.0,1324,2,2,1060,1070,1040,1090,1040,1080,2020-21,0
Oriol Romeu Vidal,Southampton,52,MID,1,1,6,6,0,25,0,0,0,0,4,45,18.0,1762,1,3,1060,1100,1030,1110,1110,1160,2020-21,0
Jeff Hendrick,Newcastle,52,MID,2,1,3,1,1,24,0,0,0,0,3,50,14.0,1418,1,2,1050,1070,1050,1060,1030,1110,2020-21,0
Chris Basham,Sheffield Utd,51,DEF,0,1,2,5,0,51,0,0,0,0,2,50,29.0,2576,1,2,1000,1040,1020,1070,1000,1010,2020-21,0
Oluwasemilogo Adesewo Ibidapo Ajayi,West Brom,51,DEF,2,1,1,3,1,71,0,0,0,0,2,50,29.0,2779,1,2,1050,1040,1040,1000,1050,1040,2020-21,1
Ben Osborn,Sheffield Utd,51,MID,1,0,4,1,0,29,0,0,0,0,3,50,16.0,1599,1,2,1000,1040,1020,1070,1000,1010,2020-21,0
Curtis Jones,Liverpool,50,MID,1,2,5,2,0,14,0,0,0,0,0,45,11.0,1169,1,4,1250,1210,1190,1210,1300,1230,2020-21,0
Kenny Tete,Fulham,50,DEF,0,1,5,3,0,27,0,0,0,0,3,45,13.0,1477,1,3,1090,1100,1150,1110,1040,1060,2020-21,1
Mohamed Naser El Sayed Elneny,Arsenal,50,MID,1,0,5,3,0,20,0,0,0,0,3,45,16.0,1538,1,4,1200,1250,1130,1150,1220,1210,2020-21,0
Diego Llorente,Leeds,50,DEF,1,0,4,1,0,12,0,0,0,0,3,45,13.0,1203,3,3,1160,1170,1060,1150,1210,1170,2020-21,1
Johann Berg Gudmundsson,Burnley,50,MID,2,0,3,2,0,24,0,0,0,0,3,55,14.0,1358,2,2,1060,1070,1040,1090,1040,1080,2020-21,0
Erik Pieters,Burnley,50,DEF,0,3,3,1,0,19,1,0,0,0,5,45,12.0,1260,2,2,1060,1070,1040,1090,1040,1080,2020-21,0
Tyler Roberts,Leeds,49,MID,1,2,4,3,0,19,0,0,0,0,0,50,9.0,1330,1,3,1160,1170,1060,1150,1210,1170,2020-21,1
John Lundstram,Sheffield Utd,48,MID,0,2,3,8,1,41,0,1,0,0,2,55,21.0,2027,1,2,1000,1040,1020,1070,1000,1010,2020-21,0
Takumi Minamino,Southampton,48,MID,3,0,2,1,0,18,0,0,0,0,2,65,11.0,999,1,3,1060,1100,1030,1110,1110,1160,2020-21,0
André Filipe Tavares Gomes,Everton,48,MID,0,1,5,3,0,22,0,0,0,0,0,55,14.0,1559,1,3,1250,1130,1130,1100,1200,1140,2020-21,0
Martin Dubravka,Newcastle,48,GK,0,0,3,0,0,19,0,0,0,45,6,50,13.0,1170,1,2,1050,1070,1050,1060,1030,1110,2020-21,0
Alexis Mac Allister,Brighton,48,MID,1,1,5,1,0,14,0,0,0,0,3,55,12.0,1108,1,3,1130,1130,1150,1190,1100,1130,2020-21,0
Matt Doherty,Spurs,47,DEF,0,2,4,2,1,15,0,0,0,0,4,60,13.0,1238,1,4,1190,1250,1130,1170,1250,1290,2020-21,0
Tom Davies,Everton,47,MID,0,1,5,3,0,23,0,0,0,0,1,55,15.0,1417,1,3,1250,1130,1130,1100,1200,1140,2020-21,0
Thomas Partey,Arsenal,47,MID,0,2,6,5,0,18,0,0,0,0,0,50,16.0,1529,5,4,1200,1250,1130,1150,1220,1210,2020-21,0
Olivier Giroud,Chelsea,47,FWD,4,0,4,1,0,5,0,0,0,0,6,70,9.0,740,1,4,1250,1280,1260,1300,1250,1310,2020-21,0
Allan Marques Loureiro,Everton,47,MID,0,0,7,6,0,30,0,0,0,0,0,55,21.0,2050,1,3,1250,1130,1130,1100,1200,1140,2020-21,0
Ciaran Clark,Newcastle,46,DEF,1,0,3,3,0,35,1,0,0,0,2,45,21.0,1890,1,2,1050,1070,1050,1060,1030,1110,2020-21,0
Moussa Djenepo,Southampton,46,MID,1,2,3,5,0,27,0,0,0,0,0,55,10.0,1229,1,3,1060,1100,1030,1110,1110,1160,2020-21,0
Oliver Burke,Sheffield Utd,46,MID,1,2,1,2,0,21,0,0,0,0,0,45,11.0,1260,1,2,1000,1040,1020,1070,1000,1010,2020-21,0
James McArthur,Crystal Palace,45,MID,0,2,4,3,0,26,0,0,0,0,3,55,17.0,1465,1,3,1090,1110,1030,1120,1010,1020,2020-21,0
Emil Krafth,Newcastle,45,DEF,1,1,5,4,0,27,0,0,0,0,0,45,15.0,1286,1,2,1050,1070,1050,1060,1030,1110,2020-21,0
Jamal Lewis,Newcastle,44,DEF,0,1,3,4,0,37,0,0,0,0,3,45,19.0,1833,1,2,1050,1070,1050,1060,1030,1110,2020-21,0
Dean Henderson,Man Utd,44,GK,0,0,4,3,0,12,0,0,0,40,1,55,11.0,1125,2,4,1250,1320,1250,1280,1240,1310,2020-21,0
Moussa Sissoko,Spurs,44,MID,0,0,5,3,0,22,0,0,0,0,2,50,15.0,1576,1,4,1190,1250,1130,1170,1250,1290,2020-21,0
Oliver McBurnie,Sheffield Utd,44,FWD,1,2,0,2,0,27,0,0,0,0,2,60,11.0,1316,1,2,1000,1040,1020,1070,1000,1010,2020-21,0
James Milner,Liverpool,44,MID,0,2,4,3,0,10,0,0,0,0,2,55,9.0,1056,1,4,1250,1210,1190,1210,1300,1230,2020-21,0
Ethan Ampadu,Sheffield Utd,44,DEF,0,0,2,3,0,41,1,0,0,0,4,45,22.0,2087,1,2,1000,1040,1020,1070,1000,1010,2020-21,0
Robbie Brady,Burnley,44,MID,1,1,7,3,0,6,0,0,0,0,3,50,9.0,1047,2,2,1060,1070,1040,1090,1040,1080,2020-21,0
Jamaal Lascelles,Newcastle,44,DEF,2,0,2,4,0,32,0,0,0,0,3,45,16.0,1625,1,2,1050,1070,1050,1060,1030,1110,2020-21,0
Raúl Jiménez,Wolves,43,FWD,4,1,4,0,0,10,1,0,0,0,7,85,9.0,824,1,3,1080,1110,1120,1130,1040,1120,2020-21,0
Davinson Sánchez,Spurs,43,DEF,0,0,4,1,0,22,1,0,0,0,3,55,15.0,1486,1,4,1190,1250,1130,1170,1250,1290,2020-21,0
Daniel James,Man Utd,43,MID,3,1,4,3,0,7,0,0,0,0,1,65,8.0,907,2,4,1250,1320,1250,1280,1240,1310,2020-21,0
Issa Diop,West Ham,42,DEF,2,0,2,3,0,22,1,0,0,0,1,45,15.0,1379,1,4,1230,1260,1140,1190,1260,1290,2020-21,0
Joel Matip,Liverpool,42,DEF,1,2,3,2,0,5,0,0,0,0,5,55,6.0,690,1,4,1250,1210,1190,1210,1300,1230,2020-21,0
Arthur Masuaku,West Ham,42,DEF,0,2,4,2,0,15,0,0,0,0,4,45,11.0,1006,1,4,1230,1260,1140,1190,1260,1290,2020-21,0
Nampalys Mendy,Leicester,41,MID,0,1,4,5,0,25,0,0,0,0,0,45,16.0,1452,1,4,1240,1260,1190,1150,1150,1230,2020-21,0
Sébastien Haller,West Ham,41,FWD,3,0,3,0,0,12,0,0,0,0,4,65,9.0,932,1,4,1230,1260,1140,1190,1260,1290,2020-21,0
Jack Stephens,Southampton,41,DEF,0,0,4,2,0,39,0,0,0,0,6,50,16.0,1537,1,3,1060,1100,1030,1110,1110,1160,2020-21,0
Karlan Grant,West Brom,41,FWD,1,0,3,1,0,26,0,0,0,0,3,60,13.0,1120,5,2,1050,1040,1040,1000,1050,1040,2020-21,1
Michy Batshuayi,Crystal Palace,41,FWD,2,2,2,0,0,15,0,0,0,0,2,60,7.0,717,1,3,1090,1110,1030,1120,1010,1020,2020-21,0
Sean Longstaff,Newcastle,41,MID,0,1,2,2,0,26,0,0,0,0,1,50,15.0,1405,1,2,1050,1070,1050,1060,1030,1110,2020-21,0
David Luiz Moreira Marinho,Arsenal,41,DEF,1,0,3,1,1,20,0,0,0,0,0,55,13.0,1396,1,4,1200,1250,1130,1150,1220,1210,2020-21,0
Dara O'Shea,West Brom,41,DEF,0,0,3,3,0,51,0,0,0,0,1,45,19.0,2099,1,2,1050,1040,1040,1000,1050,1040,2020-21,1
Isaac Hayden,Newcastle,40,MID,0,0,4,8,0,33,0,0,0,0,0,50,20.0,1942,1,2,1050,1070,1050,1060,1030,1110,2020-21,0
Josh Maja,Fulham,40,FWD,3,0,5,0,0,9,0,0,0,0,5,55,6.0,804,23,3,1090,1100,1150,1110,1040,1060,2020-21,1
Willian José Da Silva,Wolves,40,FWD,1,1,5,0,0,13,0,0,0,0,3,70,12.0,1106,20,3,1080,1110,1120,1130,1040,1120,2020-21,0
Martin Ødegaard,Arsenal,40,MID,1,2,3,0,0,12,0,0,0,0,3,60,9.0,861,21,4,1200,1250,1130,1150,1220,1210,2020-21,0
Paul Dummett,Newcastle,40,DEF,1,0,3,2,0,20,0,0,0,0,2,45,14.0,1254,1,2,1050,1070,1050,1060,1030,1110,2020-21,0
Grady Diangana,West Brom,39,MID,1,0,1,0,0,33,0,0,0,0,0,55,13.0,1230,1,2,1050,1040,1040,1000,1050,1040,2020-21,1
Ryan Fraser,Newcastle,39,MID,0,4,4,0,1,18,0,0,0,0,0,60,8.0,922,1,2,1050,1070,1050,1060,1030,1110,2020-21,0
Scott Dann,Crystal Palace,39,DEF,1,1,2,1,0,24,0,0,0,0,1,45,15.0,1350,1,3,1090,1110,1030,1120,1010,1020,2020-21,0
Fabián Balbuena,West Ham,39,DEF,1,0,4,1,1,19,0,0,0,0,0,45,13.0,1197,1,4,1230,1260,1140,1190,1260,1290,2020-21,0
Jayden Bogle,Sheffield Utd,39,DEF,2,0,2,2,0,20,0,0,0,0,0,45,11.0,1107,1,2,1000,1040,1020,1070,1000,1010,2020-21,0
Billy Sharp,Sheffield Utd,39,FWD,3,0,0,1,0,15,0,0,0,0,6,60,6.0,725,1,2,1000,1040,1020,1070,1000,1010,2020-21,0
Robin Koch,Leeds,38,DEF,0,0,4,1,0,21,0,0,0,0,2,45,12.0,1130,1,3,1160,1170,1060,1150,1210,1170,2020-21,1
Sergio Agüero,Man City,38,FWD,4,1,4,0,0,4,0,1,0,0,3,105,5.0,554,2,5,1340,1360,1280,1320,1340,1350,2020-21,0
Aaron Connolly,Brighton,38,FWD,2,1,1,0,0,17,0,0,0,0,2,55,7.0,783,1,3,1130,1130,1150,1190,1100,1130,2020-21,0
Dennis Praet,Leicester,37,MID,1,2,3,0,0,11,0,0,0,0,1,55,7.0,714,1,4,1240,1260,1190,1150,1150,1230,2020-21,0
Mathew Ryan,Arsenal,37,GK,0,0,3,1,0,21,0,0,0,24,0,45,14.0,1260,1,4,1200,1250,1130,1150,1220,1210,2020-21,0
Nemanja Matic,Man Utd,36,MID,0,1,4,2,0,18,0,0,0,0,0,50,11.0,1101,2,4,1250,1320,1250,1280,1240,1310,2020-21,0
Edward Nketiah,Arsenal,36,FWD,2,1,1,0,0,6,0,0,0,0,5,60,3.0,411,1,4,1200,1250,1130,1150,1220,1210,2020-21,0
Nathan Tella,Southampton,36,MID,1,2,2,2,0,11,0,0,0,0,2,45,5.0,735,1,3,1060,1100,1030,1110,1110,1160,2020-21,0
Gabriel Teodoro Martinelli Silva,Arsenal,36,MID,2,1,4,0,0,3,0,0,0,0,0,50,5.0,582,1,4,1200,1250,1130,1150,1220,1210,2020-21,0
Calum Chambers,Arsenal,36,DEF,0,3,2,0,0,10,0,0,0,0,3,45,8.0,751,1,4,1200,1250,1130,1150,1220,1210,2020-21,0
Tariq Lamptey,Brighton,35,DEF,1,3,2,2,1,15,0,0,0,0,2,45,9.0,887,1,3,1130,1130,1150,1190,1100,1130,2020-21,0
Steven Alzate,Brighton,35,MID,1,0,5,2,0,17,0,0,0,0,3,45,9.0,892,1,3,1130,1130,1150,1190,1100,1130,2020-21,0
Giovani Lo Celso,Spurs,35,MID,1,1,5,5,0,10,0,0,0,0,0,70,8.0,939,1,4,1190,1250,1130,1170,1250,1290,2020-21,0
Pablo Marí,Arsenal,34,DEF,0,0,4,2,0,8,0,0,0,0,1,45,10.0,900,1,4,1200,1250,1130,1150,1220,1210,2020-21,0
Rhian Brewster,Sheffield Utd,34,FWD,0,0,2,1,0,16,0,0,0,0,0,45,8.0,1113,1,2,1000,1040,1020,1070,1000,1010,2020-21,0
Okay Yokuslu,West Brom,34,MID,0,1,4,4,0,20,0,0,0,0,0,45,14.0,1316,22,2,1050,1040,1040,1000,1050,1040,2020-21,1
Jack Cork,Burnley,33,MID,0,0,4,2,0,24,0,0,0,0,0,50,13.0,1350,2,2,1060,1070,1040,1090,1040,1080,2020-21,0
Romaine Sawyers,West Brom,33,MID,0,0,1,2,0,42,1,0,0,0,0,50,16.0,1486,1,2,1050,1040,1040,1000,1050,1040,2020-21,1
Ahmed El Mohamady,Aston Villa,33,DEF,0,0,3,2,0,9,0,0,0,0,4,45,7.0,833,2,3,1100,1160,1120,1140,1080,1100,2020-21,0
Juan Mata,Man Utd,32,MID,1,3,1,0,0,6,0,0,0,0,3,60,5.0,507,2,4,1250,1320,1250,1280,1240,1310,2020-21,0
Kortney Hause,Aston Villa,32,DEF,1,0,3,2,0,6,0,0,0,0,3,45,7.0,630,2,3,1100,1160,1120,1140,1080,1100,2020-21,0
Donny van de Beek,Man Utd,32,MID,1,2,0,1,0,12,0,0,0,0,0,70,3.0,511,2,4,1250,1320,1250,1280,1240,1310,2020-21,0
Jack Robinson,Sheffield Utd,32,DEF,0,2,2,3,0,11,0,0,0,0,3,45,9.0,875,1,2,1000,1040,1020,1070,1000,1010,2020-21,0
Eric Bailly,Man Utd,31,DEF,0,0,3,3,0,17,0,0,0,0,6,50,9.0,915,2,4,1250,1320,1250,1280,1240,1310,2020-21,0
Sander Berge,Sheffield Utd,31,MID,1,1,0,4,0,23,0,0,0,0,1,50,11.0,1119,1,2,1000,1040,1020,1070,1000,1010,2020-21,0
Ibrahima Diallo,Southampton,31,MID,0,0,3,3,0,22,0,0,0,0,0,45,9.0,1010,5,3,1060,1100,1030,1110,1110,1160,2020-21,0
Dwight Gayle,Newcastle,31,FWD,1,1,0,0,0,9,0,0,0,0,3,60,3.0,501,1,2,1050,1070,1050,1060,1030,1110,2020-21,0
Andy Carroll,Newcastle,30,FWD,1,1,1,1,0,8,0,0,0,0,3,55,2.0,380,1,2,1050,1070,1050,1060,1030,1110,2020-21,0
Hal Robson-Kanu,West Brom,30,FWD,2,0,0,2,0,12,0,0,0,0,3,55,2.0,544,1,2,1050,1040,1040,1000,1050,1040,2020-21,1
Bamidele Alli,Spurs,30,MID,0,2,3,0,0,9,0,0,0,0,0,80,6.0,613,1,4,1190,1250,1130,1170,1250,1290,2020-21,0
Fabian Schär,Newcastle,30,DEF,1,0,2,4,1,21,0,0,0,0,1,50,12.0,1255,1,2,1050,1070,1050,1060,1030,1110,2020-21,0
Fraser Forster,Southampton,30,GK,0,0,2,0,0,11,0,0,1,20,0,40,7.0,720,1,3,1060,1100,1030,1110,1110,1160,2020-21,0
Nathan Aké,Man City,29,DEF,1,0,3,4,0,13,0,0,0,0,1,55,8.0,797,2,5,1340,1360,1280,1320,1340,1350,2020-21,0
Kean Bryan,Sheffield Utd,29,DEF,1,0,2,1,0,17,1,0,0,0,0,40,10.0,1003,10,2,1000,1040,1020,1070,1000,1010,2020-21,0
Manuel Lanzini,West Ham,28,MID,1,1,1,1,0,5,0,0,0,0,0,65,3.0,556,1,4,1230,1260,1140,1190,1260,1290,2020-21,0
Nathaniel Clyne,Crystal Palace,28,DEF,0,1,2,2,0,22,0,0,0,0,0,45,13.0,1145,5,3,1090,1110,1030,1120,1010,1020,2020-21,0
Ryan Fredericks,West Ham,28,DEF,1,1,1,2,0,9,0,0,0,0,0,45,5.0,564,1,4,1230,1260,1140,1190,1260,1290,2020-21,0
Erik Lamela,Spurs,28,MID,1,1,1,4,1,17,0,0,0,0,0,60,3.0,700,1,4,1190,1250,1130,1170,1250,1290,2020-21,0
Cédric Soares,Arsenal,28,DEF,0,1,2,1,0,11,0,0,0,0,3,50,8.0,744,1,4,1200,1250,1130,1150,1220,1210,2020-21,0
Javier Manquillo,Newcastle,28,DEF,0,0,3,1,0,15,0,0,0,0,0,45,9.0,822,1,2,1050,1070,1050,1060,1030,1110,2020-21,0
Rhys Williams,Liverpool,28,DEF,0,0,3,0,0,6,0,0,0,0,1,40,6.0,659,7,4,1250,1210,1190,1210,1300,1230,2020-21,0
Jacob Ramsey,Aston Villa,28,MID,0,0,2,0,0,10,0,0,0,0,0,45,3.0,611,3,3,1100,1160,1120,1140,1080,1100,2020-21,0
Pablo Hernández Domínguez,Leeds,28,MID,0,3,1,1,0,6,0,0,0,0,0,60,3.0,414,1,3,1160,1170,1060,1150,1210,1170,2020-21,1
Joe Rodon,Spurs,27,DEF,0,0,2,0,0,12,0,0,0,0,3,50,8.0,732,6,4,1190,1250,1130,1170,1250,1290,2020-21,0
Joe Bryan,Fulham,27,DEF,1,1,0,2,0,17,0,0,0,0,2,50,7.0,663,1,3,1090,1100,1150,1110,1040,1060,2020-21,1
Mark Noble,West Ham,27,MID,0,0,0,1,0,15,0,0,0,0,0,50,7.0,701,1,4,1230,1260,1140,1190,1260,1290,2020-21,0
Marvelous Nakamba,Aston Villa,27,MID,0,1,4,3,0,6,0,0,0,0,1,45,8.0,747,2,3,1100,1160,1120,1140,1080,1100,2020-21,0
Tom Cairney,Fulham,27,MID,1,1,1,2,0,15,0,0,0,0,2,55,8.0,758,1,3,1090,1100,1150,1110,1040,1060,2020-21,1
Ricardo Domingos Barbosa Pereira,Leicester,27,DEF,0,1,2,3,0,19,0,0,0,0,0,60,8.0,954,1,4,1240,1260,1190,1150,1150,1230,2020-21,0
Kepa Arrizabalaga,Chelsea,26,GK,0,0,2,1,0,8,0,0,0,16,5,50,6.0,585,1,4,1250,1280,1260,1300,1250,1310,2020-21,0
James McCarthy,Crystal Palace,26,MID,0,0,2,1,0,15,0,0,0,0,0,45,9.0,816,1,3,1090,1110,1030,1120,1010,1020,2020-21,0
Vitor Ferreira,Wolves,26,MID,0,1,0,0,0,8,0,0,0,0,0,50,4.0,509,1,3,1080,1110,1120,1130,1040,1120,2020-21,0
Luke Thomas,Leicester,26,DEF,1,0,1,2,0,18,0,0,0,0,0,45,9.0,968,1,4,1240,1260,1190,1150,1150,1230,2020-21,0
Xherdan Shaqiri,Liverpool,26,MID,0,2,2,2,0,7,0,0,0,0,1,65,4.0,548,1,4,1250,1210,1190,1210,1300,1230,2020-21,0
Ozan Kabak,Liverpool,26,DEF,0,0,3,3,0,9,0,0,0,0,1,50,8.0,801,22,4,1250,1210,1190,1210,1300,1230,2020-21,0
Jake Livermore,West Brom,25,MID,0,0,1,2,1,35,1,0,0,0,0,50,12.0,1241,1,2,1050,1040,1040,1000,1050,1040,2020-21,1
Robin Olsen,Everton,25,GK,0,0,2,1,0,9,0,0,0,21,3,45,7.0,630,5,3,1250,1130,1130,1100,1200,1140,2020-21,0
Alex Nicolao Telles,Man Utd,25,DEF,0,2,1,0,0,11,0,0,0,0,3,55,7.0,689,5,4,1250,1320,1250,1280,1240,1310,2020-21,0
Ben Johnson,West Ham,25,DEF,1,0,1,1,0,10,0,0,0,0,0,40,5.0,516,1,4,1230,1260,1140,1190,1260,1290,2020-21,0
Christian Fuchs,Leicester,24,DEF,0,0,3,4,0,9,0,0,0,0,2,45,8.0,701,1,4,1240,1260,1190,1150,1150,1230,2020-21,0
Alireza Jahanbakhsh,Brighton,24,MID,0,1,1,3,0,9,0,0,0,0,0,55,2.0,520,1,3,1130,1130,1150,1190,1100,1130,2020-21,0
Keinan Davis,Aston Villa,23,FWD,1,1,1,0,0,1,0,0,0,0,0,45,1.0,265,2,3,1100,1160,1120,1140,1080,1100,2020-21,0
Morgan Gibbs-White,Wolves,22,MID,1,0,0,1,0,6,0,0,0,0,3,50,4.0,407,1,3,1080,1110,1120,1130,1040,1120,2020-21,0
Jakub Moder,Brighton,21,MID,0,0,2,0,0,10,0,0,0,0,0,50,7.0,643,18,3,1130,1130,1150,1190,1100,1130,2020-21,0
Alex Oxlade-Chamberlain,Liverpool,21,MID,1,1,0,0,0,6,0,0,0,0,0,65,,243,1,4,1250,1210,1190,1210,1300,1230,2020-21,0
Bernard Anício Caldeira Duarte,Everton,21,MID,1,0,2,2,0,7,0,0,0,0,1,60,3.0,447,1,3,1250,1130,1130,1100,1200,1140,2020-21,0
Branislav Ivanovic,West Brom,20,DEF,0,0,2,2,0,19,0,0,0,0,0,45,8.0,764,2,2,1050,1040,1040,1000,1050,1040,2020-21,1
Conor Hourihane,Aston Villa,20,MID,1,1,2,0,0,2,0,0,0,0,3,60,3.0,225,2,3,1100,1160,1120,1140,1080,1100,2020-21,0
Harry Winks,Spurs,19,MID,0,0,1,5,0,16,0,0,0,0,0,55,8.0,856,1,4,1190,1250,1130,1170,1250,1290,2020-21,0
Daniel Amartey,Leicester,19,DEF,1,0,0,3,0,12,0,0,0,0,2,40,6.0,718,1,4,1240,1260,1190,1150,1150,1230,2020-21,0
Fernando Marçal,Wolves,19,DEF,0,0,1,2,0,9,0,0,0,0,0,50,6.0,618,1,3,1080,1110,1120,1130,1040,1120,2020-21,0
James Tomkins,Crystal Palace,18,DEF,0,0,2,1,0,12,0,0,0,0,2,45,5.0,551,1,3,1090,1110,1030,1120,1010,1020,2020-21,0
Filip Krovinovic,West Brom,17,MID,0,0,1,0,0,11,0,0,0,0,0,50,5.0,541,4,2,1050,1040,1040,1000,1050,1040,2020-21,1
Andriy Yarmolenko,West Ham,17,MID,0,1,1,3,0,7,0,0,0,0,0,60,1.0,362,1,4,1230,1260,1140,1190,1260,1290,2020-21,0
Jamie Shackleton,Leeds,17,MID,0,0,1,0,0,11,0,0,0,0,0,50,3.0,454,1,3,1160,1170,1060,1150,1210,1170,2020-21,1
Cengiz Ünder,Leicester,16,MID,0,2,0,0,0,5,0,0,0,0,0,60,1.0,275,3,4,1240,1260,1190,1150,1150,1230,2020-21,0
Jonathan Castro Otto,Wolves,16,DEF,0,0,1,0,0,4,0,0,0,0,1,55,4.0,496,1,3,1080,1110,1120,1130,1040,1120,2020-21,0
Virgil van Dijk,Liverpool,15,DEF,1,0,1,1,0,11,0,0,0,0,1,65,4.0,370,1,4,1250,1210,1190,1210,1300,1230,2020-21,0
Jean-Philippe Mateta,Crystal Palace,15,FWD,1,0,0,0,0,4,0,0,0,0,2,60,2.0,215,20,3,1090,1110,1030,1120,1010,1020,2020-21,0
Naby Keita,Liverpool,15,MID,0,0,2,1,0,8,0,0,0,0,0,55,4.0,517,1,4,1250,1210,1190,1210,1300,1230,2020-21,0
Ian Carlo Poveda-Ocampo,Leeds,14,MID,0,0,0,0,0,5,0,0,0,0,0,45,,344,1,3,1160,1170,1060,1150,1210,1170,2020-21,1
Japhet Tanganga,Spurs,14,DEF,0,0,2,2,0,8,0,0,0,0,0,50,5.0,487,1,4,1190,1250,1130,1170,1250,1290,2020-21,0
Hamza Choudhury,Leicester,14,MID,0,0,2,1,0,2,0,0,0,0,0,50,2.0,311,1,4,1240,1260,1190,1150,1150,1230,2020-21,0
Mohammed Salisu,Southampton,14,DEF,0,0,0,1,0,19,0,0,0,0,0,45,8.0,841,1,3,1060,1100,1030,1110,1110,1160,2020-21,0
Francisco Casilla Cortés,Leeds,14,GK,0,0,1,0,0,2,0,0,0,8,2,45,3.0,270,1,3,1160,1170,1060,1150,1210,1170,2020-21,1
Robert Snodgrass,West Brom,14,MID,0,0,0,2,0,14,0,0,0,0,0,60,5.0,528,1,2,1050,1040,1040,1000,1050,1040,2020-21,1
Kevin Long,Burnley,14,DEF,0,0,1,2,0,13,0,0,0,0,1,45,7.0,636,2,2,1060,1070,1040,1090,1040,1080,2020-21,0
Lys Mousset,Sheffield Utd,13,FWD,0,0,0,0,0,10,0,0,0,0,0,60,1.0,287,1,2,1000,1040,1020,1070,1000,1010,2020-21,0
DeAndre Yedlin,Newcastle,13,DEF,0,0,1,0,0,6,0,0,0,0,0,45,5.0,435,1,2,1050,1070,1050,1060,1030,1110,2020-21,0
Ki-Jana Hoever,Wolves,13,DEF,0,0,0,1,0,11,0,0,0,0,0,45,5.0,573,3,3,1080,1110,1120,1130,1040,1120,2020-21,0
Josh Onomah,Fulham,13,MID,0,0,0,1,0,12,0,0,0,0,0,50,3.0,369,1,3,1090,1100,1150,1110,1040,1060,2020-21,1
Daniel N'Lundulu,Southampton,13,FWD,0,0,0,0,0,1,0,0,0,0,0,45,,102,6,3,1060,1100,1030,1110,1110,1160,2020-21,0
Carlos Vinicius Alves Morais,Spurs,13,FWD,1,0,1,2,0,2,0,0,0,0,0,70,2.0,305,5,4,1190,1250,1130,1170,1250,1290,2020-21,0
Fabio Carvalho,Fulham,12,MID,1,0,0,0,0,6,0,0,0,0,0,45,3.0,254,34,3,1090,1100,1150,1110,1040,1060,2020-21,1
Daniel Jebbison,Sheffield Utd,12,FWD,1,0,2,0,0,2,0,0,0,0,1,45,3.0,283,35,2,1000,1040,1020,1070,1000,1010,2020-21,0
Shane Long,Southampton,12,FWD,0,0,1,0,0,6,0,0,0,0,0,55,1.0,201,1,3,1060,1100,1030,1110,1110,1160,2020-21,0
Anthony Elanga,Man Utd,11,MID,1,0,0,0,0,2,0,0,0,0,2,45,2.0,155,35,4,1250,1320,1250,1280,1240,1310,2020-21,0
Joshua King,Everton,11,FWD,0,0,0,0,0,2,0,0,0,0,0,55,,138,22,3,1250,1130,1130,1100,1200,1140,2020-21,0
Adrián San Miguel del Castillo,Liverpool,11,GK,0,0,1,0,0,9,0,0,0,10,2,45,3.0,270,1,4,1250,1210,1190,1210,1300,1230,2020-21,0
Neco Williams,Liverpool,11,DEF,0,0,1,1,0,1,0,0,0,0,0,40,2.0,247,1,4,1250,1210,1190,1210,1300,1230,2020-21,0
Matthew Longstaff,Newcastle,10,MID,0,0,1,0,0,8,0,0,0,0,0,50,4.0,376,1,2,1050,1070,1050,1060,1030,1110,2020-21,0
Tim Ream,Fulham,10,DEF,0,0,0,0,0,13,0,0,0,0,0,45,7.0,630,1,3,1090,1100,1150,1110,1040,1060,2020-21,1
Morgan Sanson,Aston Villa,10,MID,0,0,1,3,0,4,0,0,0,0,0,55,2.0,288,21,3,1100,1160,1120,1140,1080,1100,2020-21,0
Joseph Gomez,Liverpool,10,DEF,0,0,0,0,0,14,0,0,0,0,0,55,6.0,589,1,4,1250,1210,1190,1210,1300,1230,2020-21,0
Josh Benson,Burnley,10,MID,0,0,1,0,0,7,0,0,0,0,0,45,3.0,260,2,2,1060,1070,1040,1090,1040,1080,2020-21,0
Darren Randolph,West Ham,10,GK,0,0,1,0,0,3,0,0,0,6,0,45,3.0,270,1,4,1230,1260,1140,1190,1260,1290,2020-21,0
Caoimhin Kelleher,Liverpool,10,GK,0,0,1,0,0,1,0,0,0,6,0,45,2.0,180,4,4,1250,1210,1190,1210,1300,1230,2020-21,0
Divock Origi,Liverpool,10,FWD,0,0,1,0,0,0,0,0,0,0,0,55,1.0,180,1,4,1250,1210,1190,1210,1300,1230,2020-21,0
Owen Otasowie,Wolves,9,MID,0,1,0,1,0,6,0,0,0,0,0,45,1.0,185,5,3,1080,1110,1120,1130,1040,1120,2020-21,0
Davy Pröpper,Brighton,9,MID,0,0,0,0,0,2,0,0,0,0,0,50,2.0,209,1,3,1130,1130,1150,1190,1100,1130,2020-21,0
Jimmy Dunne,Burnley,9,DEF,1,0,0,1,0,6,0,0,0,0,0,40,3.0,270,2,2,1060,1070,1040,1090,1040,1080,2020-21,0
Andi Zeqiri,Brighton,9,FWD,0,0,0,0,0,2,0,0,0,0,0,50,,164,5,3,1130,1130,1150,1190,1100,1130,2020-21,0
Max Lowe,Sheffield Utd,9,DEF,0,0,0,1,0,10,0,0,0,0,0,45,5.0,549,1,2,1000,1040,1020,1070,1000,1010,2020-21,0
Aboubakar Kamara,Fulham,8,MID,0,0,0,1,1,9,0,0,0,0,0,50,1.0,307,1,3,1090,1100,1150,1110,1040,1060,2020-21,1
Amad Diallo,Man Utd,8,MID,0,1,0,0,0,3,0,0,0,0,0,55,2.0,165,20,4,1250,1320,1250,1280,1240,1310,2020-21,0
Billy Gilmour,Chelsea,8,MID,0,0,1,0,0,2,0,0,0,0,0,45,2.0,259,1,4,1250,1280,1260,1300,1250,1310,2020-21,0
Fabian Delph,Everton,8,MID,0,0,0,1,0,6,0,0,0,0,0,50,1.0,260,1,3,1250,1130,1130,1100,1200,1140,2020-21,0
Dale Stephens,Burnley,8,MID,0,0,0,1,0,4,0,0,0,0,0,45,2.0,257,1,2,1060,1070,1040,1090,1040,1080,2020-21,0
Kamil Grosicki,West Brom,8,MID,0,1,0,0,0,5,0,0,0,0,0,55,1.0,147,1,2,1050,1040,1040,1000,1050,1040,2020-21,1
Gaetano Berardi,Leeds,8,DEF,0,0,1,0,0,0,0,0,0,0,1,40,1.0,113,27,3,1160,1170,1060,1150,1210,1170,2020-21,1
Axel Tuanzebe,Man Utd,7,DEF,0,0,0,2,0,8,1,0,0,0,0,45,4.0,402,2,4,1250,1320,1250,1280,1240,1310,2020-21,0
Scott Carson,Man City,7,GK,0,0,0,0,0,3,0,0,1,2,1,40,1.0,90,14,5,1340,1360,1280,1320,1340,1350,2020-21,0
Percy Tau,Brighton,7,MID,0,1,0,0,0,2,0,0,0,0,0,55,1.0,101,18,3,1130,1130,1150,1190,1100,1130,2020-21,0
Emerson Palmieri dos Santos,Chelsea,7,DEF,0,0,1,0,0,0,0,0,0,0,0,50,1.0,88,1,4,1250,1280,1260,1300,1250,1310,2020-21,0
Eric Garcia,Man City,6,DEF,0,0,0,0,0,12,0,0,0,0,0,50,4.0,380,2,5,1340,1360,1280,1320,1340,1350,2020-21,0
Ahmed El-Sayed Hegazy,West Brom,6,DEF,0,0,1,0,0,0,0,0,0,0,0,45,1.0,90,1,2,1050,1040,1040,1000,1050,1040,2020-21,1
Neeskens Kebano,Fulham,6,MID,0,0,0,0,0,3,0,0,0,0,0,50,1.0,116,1,3,1090,1100,1150,1110,1040,1060,2020-21,1
William Smallbone,Southampton,5,MID,0,0,0,0,0,5,0,0,0,0,0,45,1.0,171,1,3,1060,1100,1030,1110,1110,1160,2020-21,0
Bernardo Fernandes da Silva Junior,Brighton,5,DEF,0,0,0,0,0,3,0,0,0,0,0,40,2.0,205,1,3,1130,1130,1150,1190,1100,1130,2020-21,0
Charlie Austin,West Brom,5,FWD,0,0,0,0,0,5,0,0,0,0,0,55,,135,1,2,1050,1040,1040,1000,1050,1040,2020-21,1
Phil Jagielka,Sheffield Utd,5,DEF,0,0,0,1,1,12,1,0,0,0,0,40,4.0,524,1,2,1000,1040,1020,1070,1000,1010,2020-21,0
Jonjoe Kenny,Everton,5,DEF,0,0,0,0,0,1,0,0,0,0,0,45,1.0,78,1,3,1250,1130,1130,1100,1200,1140,2020-21,0
Kieran Gibbs,West Brom,5,DEF,0,0,0,1,1,25,0,0,0,0,0,45,7.0,810,1,2,1050,1040,1040,1000,1050,1040,2020-21,1
Kyle Edwards,West Brom,5,MID,0,0,0,0,0,3,0,0,0,0,0,50,,114,1,2,1050,1040,1040,1000,1050,1040,2020-21,1
Brandon Williams,Man Utd,5,DEF,0,0,0,0,0,3,0,0,0,0,0,45,2.0,187,2,4,1250,1320,1250,1280,1240,1310,2020-21,0
Michael Obafemi,Southampton,4,FWD,0,0,0,0,0,2,0,0,0,0,0,50,,57,1,3,1060,1100,1030,1110,1110,1160,2020-21,0
Cenk Tosun,Everton,4,FWD,0,0,0,1,0,3,0,0,0,0,0,60,,44,1,3,1250,1130,1130,1100,1200,1140,2020-21,0
John Ruddy,Wolves,4,GK,0,0,0,0,0,1,0,0,0,3,0,45,1.0,91,1,3,1080,1110,1120,1130,1040,1120,2020-21,0
Mamadou Sakho,Crystal Palace,4,DEF,0,0,0,0,0,8,0,0,0,0,0,45,3.0,275,1,3,1090,1110,1030,1120,1010,1020,2020-21,0
Yan Valery,Southampton,3,DEF,0,0,0,0,0,4,0,0,0,0,0,50,1.0,101,1,3,1060,1100,1030,1110,1110,1160,2020-21,0
Sidnei Tavares,Leicester,3,MID,0,0,0,0,0,1,0,0,0,0,0,45,1.0,84,26,4,1240,1260,1190,1150,1150,1230,2020-21,0
Jack O'Connell,Sheffield Utd,3,DEF,0,0,0,0,0,3,0,0,0,0,0,50,2.0,180,1,2,1000,1040,1020,1070,1000,1010,2020-21,0
Anthony Gordon,Everton,3,MID,0,0,0,0,0,0,0,0,0,0,0,45,,87,1,3,1250,1130,1130,1100,1200,1140,2020-21,0
Bailey Peacock-Farrell,Burnley,3,GK,0,0,0,0,0,14,0,0,0,10,0,40,4.0,360,2,2,1060,1070,1040,1090,1040,1080,2020-21,0
Sam Field,West Brom,3,MID,0,0,0,0,0,2,0,0,0,0,0,50,,61,1,2,1050,1040,1040,1000,1050,1040,2020-21,1
Wes Morgan,Leicester,3,DEF,0,0,0,0,0,0,0,0,0,0,0,45,,16,1,4,1240,1260,1190,1150,1150,1230,2020-21,0
Shkodran Mustafi,Arsenal,3,DEF,0,0,0,0,0,1,0,0,0,0,0,50,,45,1,4,1200,1250,1130,1150,1220,1210,2020-21,0
Wesley Moraes,Aston Villa,3,FWD,0,0,0,0,0,1,0,0,0,0,0,60,,15,2,3,1100,1160,1120,1140,1080,1100,2020-21,0
Will Norris,Burnley,3,GK,0,0,0,0,0,4,0,0,0,2,0,40,2.0,180,5,2,1060,1070,1040,1090,1040,1080,2020-21,0
Joel Mumbongo,Burnley,3,FWD,0,0,0,1,0,1,0,0,0,0,0,45,,37,15,2,1060,1070,1040,1090,1040,1080,2020-21,0
Shola Shoretire,Man Utd,2,MID,0,0,0,0,0,0,0,0,0,0,0,45,,9,25,4,1250,1320,1250,1280,1240,1310,2020-21,0
Moise Kean,Everton,2,FWD,0,0,0,0,0,0,0,0,0,0,0,60,,13,1,3,1250,1130,1130,1100,1200,1140,2020-21,0
Niels Nkounkou,Everton,2,DEF,0,0,0,1,0,1,0,0,0,0,0,40,1.0,80,4,3,1250,1130,1130,1100,1200,1140,2020-21,0
Felipe Anderson Pereira Gomes,West Ham,2,MID,0,0,0,0,0,0,0,0,0,0,0,65,,2,1,4,1230,1260,1140,1190,1260,1290,2020-21,0
Sead Kolasinac,Arsenal,2,DEF,0,0,0,0,0,1,0,0,0,0,0,50,1.0,90,1,4,1200,1250,1130,1150,1220,1210,2020-21,0
Patrick Cutrone,Wolves,2,FWD,0,0,0,0,0,0,0,0,0,0,0,60,,23,18,3,1080,1110,1120,1130,1040,1120,2020-21,0
Jack Butland,Crystal Palace,2,GK,0,0,0,0,0,2,0,0,0,3,0,45,1.0,90,6,3,1090,1110,1030,1120,1010,1020,2020-21,0
Phil Bardsley,Burnley,2,DEF,0,0,0,2,0,8,0,0,0,0,0,45,3.0,273,2,2,1060,1070,1040,1090,1040,1080,2020-21,0
Caleb Watts,Southampton,2,MID,0,0,0,1,0,0,0,0,0,0,0,45,,36,19,3,1060,1100,1030,1110,1110,1160,2020-21,0
Carney Chukwuemeka,Aston Villa,2,MID,0,0,0,0,0,0,0,0,0,0,0,45,,18,25,3,1100,1160,1120,1140,1080,1100,2020-21,0
Reiss Nelson,Arsenal,2,MID,0,0,0,0,0,0,0,0,0,0,0,55,,70,1,4,1200,1250,1130,1150,1220,1210,2020-21,0
Terence Kongolo,Fulham,2,DEF,0,0,0,0,0,1,0,0,0,0,0,45,1.0,90,6,3,1090,1100,1150,1110,1040,1060,2020-21,1
Rekeem Harper,West Brom,2,MID,0,0,0,0,0,2,0,0,0,0,0,45,,30,1,2,1050,1040,1040,1000,1050,1040,2020-21,1
Lewis Richardson,Burnley,2,FWD,0,0,0,0,0,0,0,0,0,0,0,45,,3,7,2,1060,1070,1040,1090,1040,1080,2020-21,0
Lee Peltier,West Brom,2,DEF,0,0,0,1,0,8,0,0,0,0,0,40,2.0,228,8,2,1050,1040,1040,1000,1050,1040,2020-21,1
Marek Rodák,Fulham,2,GK,0,0,0,0,0,5,0,0,0,4,0,45,2.0,180,1,3,1090,1100,1150,1110,1040,1060,2020-21,1
Konstantinos Tsimikas,Liverpool,2,DEF,0,0,0,0,0,0,0,0,0,0,0,50,,6,1,4,1250,1210,1190,1210,1300,1230,2020-21,0
Zack Steffen,Man City,2,GK,0,0,0,0,0,1,0,0,0,1,0,45,1.0,90,2,5,1340,1360,1280,1320,1340,1350,2020-21,0
David Button,West Brom,2,GK,0,0,0,0,0,2,0,0,0,4,0,40,1.0,90,1,2,1050,1040,1040,1000,1050,1040,2020-21,1
João Virgínia,Everton,2,GK,0,0,0,0,0,0,0,0,0,3,0,45,,47,1,3,1250,1130,1130,1100,1200,1140,2020-21,0
Leif Davis,Leeds,2,DEF,0,0,0,0,0,0,0,0,0,0,0,40,,31,1,3,1160,1170,1060,1150,1210,1170,2020-21,1
Elliot Anderson,Newcastle,1,MID,0,0,0,0,0,0,0,0,0,0,0,45,,3,10,2,1050,1070,1050,1060,1030,1110,2020-21,0
Nathan Broadhead,Everton,1,MID,0,0,0,0,0,0,0,0,0,0,0,45,,2,26,3,1250,1130,1130,1100,1200,1140,2020-21,0
Maxime Le Marchand,Fulham,1,DEF,0,0,0,2,0,1,0,0,0,0,0,45,1.0,122,1,3,1090,1100,1150,1110,1040,1060,2020-21,1
Rúnar Alex Rúnarsson,Arsenal,1,GK,0,0,0,0,0,0,0,0,0,2,0,45,,15,3,4,1200,1250,1130,1150,1220,1210,2020-21,0
Jaden Philogene-Bidace,Aston Villa,1,MID,0,0,0,0,0,0,0,0,0,0,0,45,,1,27,3,1100,1160,1120,1140,1080,1100,2020-21,0
Willy Caballero,Chelsea,1,GK,0,0,0,0,0,3,0,0,0,0,0,50,1.0,90,1,4,1250,1280,1260,1300,1250,1310,2020-21,0
Niall Huggins,Leeds,1,FWD,0,0,0,0,0,0,0,0,0,0,0,45,,37,17,3,1160,1170,1060,1150,1210,1170,2020-21,1
Jake Vokins,Southampton,1,DEF,0,0,0,0,0,2,0,0,0,0,0,40,1.0,66,1,3,1060,1100,1030,1110,1110,1160,2020-21,0
Odion Ighalo,Man Utd,1,FWD,0,0,0,0,0,1,0,0,0,0,0,65,,9,2,4,1250,1320,1250,1280,1240,1310,2020-21,0
Oskar Buur,Wolves,1,DEF,0,0,0,0,0,0,0,0,0,0,0,40,,22,1,3,1080,1110,1120,1130,1040,1120,2020-21,0
Rúben Gonçalo Silva Nascimento Vinagre,Wolves,1,DEF,0,0,0,0,0,7,0,0,0,0,0,45,2.0,172,1,3,1080,1110,1120,1130,1040,1120,2020-21,0
Tyrese Francois,Fulham,1,MID,0,0,0,0,0,1,0,0,0,0,0,45,,14,38,3,1090,1100,1150,1110,1040,1060,2020-21,1
Martin Kelly,Crystal Palace,1,DEF,0,0,0,0,0,0,0,0,0,0,0,45,,1,1,3,1090,1110,1030,1120,1010,1020,2020-21,0
Antwoine Hackford,Sheffield Utd,1,FWD,0,0,0,0,0,0,0,0,0,0,0,45,,10,17,2,1000,1040,1020,1070,1000,1010,2020-21,0
Thakgalo Leshabela,Leicester,1,MID,0,0,0,0,0,0,0,0,0,0,0,45,,9,22,4,1240,1260,1190,1150,1150,1230,2020-21,0
José Izquierdo,Brighton,1,MID,0,0,0,0,0,0,0,0,0,0,0,55,,8,1,3,1130,1130,1150,1190,1100,1130,2020-21,0
Theo Corbeanu,Wolves,1,MID,0,0,0,0,0,0,0,0,0,0,0,45,,8,14,3,1080,1110,1120,1130,1040,1120,2020-21,0
William Fish,Man Utd,1,DEF,0,0,0,0,0,0,0,0,0,0,0,40,,1,38,4,1250,1320,1250,1280,1240,1310,2020-21,0
Jean-Philippe Gbamin,Everton,1,MID,0,0,0,0,0,1,0,0,0,0,0,50,,11,1,3,1250,1130,1130,1100,1200,1140,2020-21,0
Iliman Ndiaye,Sheffield Utd,1,MID,0,0,0,0,0,1,0,0,0,0,0,45,,11,22,2,1000,1040,1020,1070,1000,1010,2020-21,0
Reda Khadra,Brighton,1,MID,0,0,0,0,0,0,0,0,0,0,0,45,,4,18,3,1130,1130,1150,1190,1100,1130,2020-21,0
Liam Delap,Man City,1,FWD,0,0,0,0,0,4,0,0,0,0,0,45,,39,2,5,1340,1360,1280,1320,1340,1350,2020-21,0
Denis Odoi,Fulham,1,DEF,0,0,0,1,0,10,0,0,0,0,0,45,3.0,270,1,3,1090,1100,1150,1110,1040,1060,2020-21,1
Femi Seriki,Sheffield Utd,1,MID,0,0,0,0,0,0,0,0,0,0,0,45,,1,37,2,1000,1040,1020,1070,1000,1010,2020-21,0
Demarai Gray,Leicester,1,MID,0,0,0,0,0,0,0,0,0,0,0,55,,18,1,4,1240,1260,1190,1150,1150,1230,2020-21,0
Hannibal Mejbri,Man Utd,1,MID,0,0,0,0,0,0,0,0,0,0,0,45,,8,38,4,1250,1320,1250,1280,1240,1310,2020-21,0
Dane Scarlett,Spurs,1,FWD,0,0,0,0,0,0,0,0,0,0,0,45,,1,23,4,1190,1250,1130,1170,1250,1290,2020-21,0
Islam Slimani,Leicester,1,FWD,0,0,0,0,0,1,0,0,0,0,0,50,,19,5,4,1240,1260,1190,1150,1150,1230,2020-21,0
Jayson Molumby,Brighton,1,MID,0,0,0,0,0,0,0,0,0,0,0,45,,1,3,3,1130,1130,1150,1190,1100,1130,2020-21,0
Conor Coventry,West Ham,0,MID,0,0,0,0,0,0,0,0,0,0,0,45,,0,24,4,1230,1260,1140,1190,1260,1290,2020-21,0
Ryan Sessegnon,Spurs,0,DEF,0,0,0,0,0,0,0,0,0,0,0,50,,0,1,4,1190,1250,1130,1170,1250,1290,2020-21,0
Sofiane Boufal,Southampton,0,MID,0,0,0,0,0,0,0,0,0,0,0,55,,0,1,3,1060,1100,1030,1110,1110,1160,2020-21,0
Simon Moore,Sheffield Utd,0,GK,0,0,0,0,0,0,0,0,0,0,0,45,,0,1,2,1000,1040,1020,1070,1000,1010,2020-21,0
Sokratis Papastathopoulos,Arsenal,0,DEF,0,0,0,0,0,0,0,0,0,0,0,50,,0,1,4,1200,1250,1130,1150,1220,1210,2020-21,0
Christian Walton,Brighton,0,GK,0,0,0,0,0,0,0,0,0,0,0,40,,0,1,3,1130,1130,1150,1190,1100,1130,2020-21,0
Connor Wickham,Crystal Palace,0,FWD,0,0,0,0,0,0,0,0,0,0,0,45,,0,1,3,1090,1110,1030,1120,1010,1020,2020-21,0
Cole Palmer,Man City,0,MID,0,0,0,0,0,0,0,0,0,0,0,45,,0,3,5,1340,1360,1280,1320,1340,1350,2020-21,0
Shane Flynn,Leicester,0,MID,0,0,0,0,0,0,0,0,0,0,0,45,,0,27,4,1240,1260,1190,1150,1150,1230,2020-21,0
Cedric Kipre,West Brom,0,DEF,0,0,0,0,0,0,0,0,0,0,0,45,,0,1,2,1050,1040,1040,1000,1050,1040,2020-21,1
Sergio Romero,Man Utd,0,GK,0,0,0,0,0,0,0,0,0,0,0,50,,0,2,4,1250,1320,1250,1280,1240,1310,2020-21,0
Charlie Cresswell,Leeds,0,DEF,0,0,0,0,0,0,0,0,0,0,0,40,,0,17,3,1160,1170,1060,1150,1210,1170,2020-21,1
Sam Greenwood,Leeds,0,FWD,0,0,0,0,0,0,0,0,0,0,0,45,,0,33,3,1160,1170,1060,1150,1210,1170,2020-21,1
Cheikh Diaby,West Brom,0,FWD,0,0,0,0,0,0,0,0,0,0,0,45,,0,17,2,1050,1040,1040,1000,1050,1040,2020-21,1
Chris Smalling,Man Utd,0,DEF,0,0,0,0,0,0,0,0,0,0,0,50,,0,2,4,1250,1320,1250,1280,1240,1310,2020-21,0
Cody Drameh,Leeds,0,DEF,0,0,0,0,0,0,0,0,0,0,0,40,,0,34,3,1160,1170,1060,1150,1210,1170,2020-21,1
Christian Atsu,Newcastle,0,MID,0,0,0,0,0,0,0,0,0,0,0,55,,0,1,2,1050,1070,1050,1060,1030,1110,2020-21,0
Sam Woods,Crystal Palace,0,DEF,0,0,0,0,0,0,0,0,0,0,0,40,,0,1,3,1090,1110,1030,1120,1010,1020,2020-21,0
Claudio Gomes,Man City,0,MID,0,0,0,0,0,0,0,0,0,0,0,45,,0,22,5,1340,1360,1280,1320,1340,1350,2020-21,0
Claudio Bravo,Man City,0,GK,0,0,0,0,0,0,0,0,0,0,0,45,,0,2,5,1340,1360,1280,1320,1340,1350,2020-21,0
Christian Marques,Wolves,0,DEF,0,0,0,0,0,0,0,0,0,0,0,40,,0,16,3,1080,1110,1120,1130,1040,1120,2020-21,0
Shane Duffy,Brighton,0,DEF,0,0,0,0,0,0,0,0,0,0,0,45,,0,1,3,1130,1130,1150,1190,1100,1130,2020-21,0
Lucas Torreira,Arsenal,0,MID,0,0,0,0,0,0,0,0,0,0,0,50,,0,1,4,1200,1250,1130,1150,1220,1210,2020-21,0
Stefan Johansen,Fulham,0,MID,0,0,0,0,0,0,0,0,0,0,0,50,,0,1,3,1090,1100,1150,1110,1040,1060,2020-21,1
Stephen Henderson,Crystal Palace,0,GK,0,0,0,0,0,0,0,0,0,0,0,40,,0,5,3,1090,1110,1030,1120,1010,1020,2020-21,0
Tyler Onyango,Everton,0,MID,0,0,0,0,0,0,0,0,0,0,0,45,,0,20,3,1250,1130,1130,1100,1200,1140,2020-21,0
Anthony Driscoll-Glennon,Burnley,0,DEF,0,0,0,0,0,0,0,0,0,0,0,40,,0,2,2,1060,1070,1040,1090,1040,1080,2020-21,0
Angus Gunn,Southampton,0,GK,0,0,0,0,0,0,0,0,0,0,0,45,,0,1,3,1060,1100,1030,1110,1110,1160,2020-21,0
Andy Lonergan,West Brom,0,GK,0,0,0,0,0,0,0,0,0,0,0,40,,0,19,2,1050,1040,1040,1000,1050,1040,2020-21,1
Valentino Livramento,Chelsea,0,DEF,0,0,0,0,0,0,0,0,0,0,0,40,,0,35,4,1250,1280,1260,1300,1250,1310,2020-21,0
Andreas Söndergaard,Wolves,0,GK,0,0,0,0,0,0,0,0,0,0,0,40,,0,17,3,1080,1110,1120,1130,1040,1120,2020-21,0
Andreas Pereira,Man Utd,0,MID,0,0,0,0,0,0,0,0,0,0,0,50,,0,2,4,1250,1320,1250,1280,1240,1310,2020-21,0
Allan Tchaptchet,Southampton,0,DEF,0,0,0,0,0,3,0,0,0,0,0,40,,12,19,3,1060,1100,1030,1110,1110,1160,2020-21,0
Vontae Daley-Campbell,Leicester,0,DEF,0,0,0,0,0,0,0,0,0,0,0,40,,0,22,4,1240,1260,1190,1150,1150,1230,2020-21,0
Wayne Hennessey,Crystal Palace,0,GK,0,0,0,0,0,0,0,0,0,0,0,45,,0,1,3,1090,1110,1030,1120,1010,1020,2020-21,0
Wes Foderingham,Sheffield Utd,0,GK,0,0,0,0,0,0,0,0,0,0,0,45,,0,1,2,1000,1040,1020,1070,1000,1010,2020-21,0
Alfie Mawson,Fulham,0,DEF,0,0,0,0,0,0,0,0,0,0,0,45,,0,1,3,1090,1100,1150,1110,1040,1060,2020-21,1
Alfie Devine,Spurs,0,MID,0,0,0,0,0,0,0,0,0,0,0,45,,0,21,4,1190,1250,1130,1170,1250,1290,2020-21,0
Will Ferry,Southampton,0,MID,0,0,0,0,0,0,0,0,0,0,0,45,,0,19,3,1060,1100,1030,1110,1110,1160,2020-21,0
William Osula,Sheffield Utd,0,FWD,0,0,0,0,0,0,0,0,0,0,0,45,,0,38,2,1000,1040,1020,1070,1000,1010,2020-21,0
William Saliba,Arsenal,0,DEF,0,0,0,0,0,0,0,0,0,0,0,45,,0,1,4,1200,1250,1130,1150,1220,1210,2020-21,0
Albian Ajeti,West Ham,0,FWD,0,0,0,0,0,0,0,0,0,0,0,55,,0,1,4,1230,1260,1140,1190,1260,1290,2020-21,0
Adrián Bernabé,Man City,0,MID,0,0,0,0,0,0,0,0,0,0,0,45,,0,2,5,1340,1360,1280,1320,1340,1350,2020-21,0
Adrien Silva,Leicester,0,MID,0,0,0,0,0,0,0,0,0,0,0,45,,0,1,4,1240,1260,1190,1150,1150,1230,2020-21,0
Ademipo Odubeko,West Ham,0,FWD,0,0,0,0,0,0,0,0,0,0,0,45,,0,19,4,1230,1260,1140,1190,1260,1290,2020-21,0
Yoshinori Muto,Newcastle,0,FWD,0,0,0,0,0,0,0,0,0,0,0,50,,0,1,2,1050,1070,1050,1060,1030,1110,2020-21,0
Adam Forshaw,Leeds,0,MID,0,0,0,0,0,0,0,0,0,0,0,50,,0,1,3,1160,1170,1060,1150,1210,1170,2020-21,1
Zak Brunt,Sheffield Utd,0,MID,0,0,0,0,0,0,0,0,0,0,0,45,,0,22,2,1000,1040,1020,1070,1000,1010,2020-21,0
Zeze Steven Sessegnon,Fulham,0,DEF,0,0,0,0,0,0,0,0,0,0,0,45,,0,1,3,1090,1100,1150,1110,1040,1060,2020-21,1
Aaron Mooy,Brighton,0,MID,0,0,0,0,0,0,0,0,0,0,0,50,,0,1,3,1130,1130,1150,1190,1100,1130,2020-21,0
Anthony Knockaert,Fulham,0,MID,0,0,0,0,0,0,0,0,0,0,0,55,,0,1,3,1090,1100,1150,1110,1040,1060,2020-21,1
Tommy Doyle,Man City,0,MID,0,0,0,0,0,0,0,0,0,0,0,45,,0,2,5,1340,1360,1280,1320,1340,1350,2020-21,0
Anthony Mancini,Burnley,0,MID,0,0,0,0,0,0,0,0,0,0,0,45,,0,15,2,1060,1070,1040,1090,1040,1080,2020-21,0
Teddy Jenks,Brighton,0,MID,0,0,0,0,0,0,0,0,0,0,0,45,,0,18,3,1130,1130,1150,1190,1100,1130,2020-21,0
Cameron Carter-Vickers,Spurs,0,DEF,0,0,0,0,0,0,0,0,0,0,0,40,,0,1,4,1190,1250,1130,1170,1250,1290,2020-21,0
Sylvester Jasper,Fulham,0,MID,0,0,0,0,0,0,0,0,0,0,0,45,,0,38,3,1090,1100,1150,1110,1040,1060,2020-21,1
Caleb Taylor,West Brom,0,DEF,0,0,0,0,0,0,0,0,0,0,0,40,,0,35,2,1050,1040,1040,1000,1050,1040,2020-21,1
Tahith Chong,Man Utd,0,MID,0,0,0,0,0,0,0,0,0,0,0,45,,0,2,4,1250,1320,1250,1280,1240,1310,2020-21,0
Bruno André Cavaco Jordao,Wolves,0,MID,0,0,0,0,0,0,0,0,0,0,0,45,,0,1,3,1080,1110,1120,1130,1040,1120,2020-21,0
Brandon Pierrick,Crystal Palace,0,MID,0,0,0,0,0,0,0,0,0,0,0,45,,0,1,3,1090,1110,1030,1120,1010,1020,2020-21,0
Bobby Thomas,Burnley,0,DEF,0,0,0,0,0,0,0,0,0,0,0,40,,0,2,2,1060,1070,1040,1090,1040,1080,2020-21,0
Tawanda Maswanhise,Leicester,0,MID,0,0,0,0,0,0,0,0,0,0,0,45,,0,35,4,1240,1260,1190,1150,1150,1230,2020-21,0
Taylor Gardner-Hickman,West Brom,0,MID,0,0,0,0,0,0,0,0,0,0,0,45,,0,35,2,1050,1040,1040,1000,1050,1040,2020-21,1
Taylor Harwood-Bellis,Man City,0,DEF,0,0,0,0,0,0,0,0,0,0,0,40,,0,17,5,1340,1360,1280,1320,1340,1350,2020-21,0
Taylor Perry,Wolves,0,MID,0,0,0,0,0,0,0,0,0,0,0,45,,0,14,3,1080,1110,1120,1130,1040,1120,2020-21,0
Teden Mengi,Man Utd,0,DEF,0,0,0,0,0,0,0,0,0,0,0,40,,0,2,4,1250,1320,1250,1280,1240,1310,2020-21,0
Tom Heaton,Aston Villa,0,GK,0,0,0,0,0,0,0,0,0,0,0,45,,0,2,3,1100,1160,1120,1140,1080,1100,2020-21,0
Crysencio Summerville,Leeds,0,MID,0,0,0,0,0,0,0,0,0,0,0,45,,0,33,3,1160,1170,1060,1150,1210,1170,2020-21,1
Thanawat Suengchitthawon,Leicester,0,MID,0,0,0,0,0,0,0,0,0,0,0,45,,0,30,4,1240,1260,1190,1150,1150,1230,2020-21,0
Bjorn Engels,Aston Villa,0,DEF,0,0,0,0,0,0,0,0,0,0,0,45,,0,2,3,1100,1160,1120,1140,1080,1100,2020-21,0
Billy Koumetio,Liverpool,0,DEF,0,0,0,0,0,0,0,0,0,0,0,40,,0,35,4,1250,1210,1190,1210,1300,1230,2020-21,0
Thomas McGill,Brighton,0,GK,0,0,0,0,0,0,0,0,0,0,0,40,,0,22,3,1130,1130,1150,1190,1100,1130,2020-21,0
Tim Iroegbunam,West Brom,0,MID,0,0,0,0,0,0,0,0,0,0,0,45,,0,38,2,1050,1040,1040,1000,1050,1040,2020-21,1
Ben Woodburn,Liverpool,0,MID,0,0,0,0,0,0,0,0,0,0,0,45,,0,35,4,1250,1210,1190,1210,1300,1230,2020-21,0
Ben Gibson,Burnley,0,DEF,0,0,0,0,0,0,0,0,0,0,0,40,,0,2,2,1060,1070,1040,1090,1040,1080,2020-21,0
Barry Douglas,Leeds,0,DEF,0,0,0,0,0,0,0,0,0,0,0,40,,0,1,3,1160,1170,1060,1150,1210,1170,2020-21,1
Timothy Fosu-Mensah,Man Utd,0,DEF,0,0,0,1,0,2,0,0,0,0,0,45,1.0,80,2,4,1250,1320,1250,1280,1240,1310,2020-21,0
Toby King,West Brom,0,MID,0,0,0,0,0,0,0,0,0,0,0,45,,0,37,2,1050,1040,1040,1000,1050,1040,2020-21,1
Ryan Inniss,Crystal Palace,0,DEF,0,0,0,0,0,0,0,0,0,0,0,40,,0,2,3,1090,1110,1030,1120,1010,1020,2020-21,0
Reece Welch,Everton,0,DEF,0,0,0,0,0,0,0,0,0,0,0,40,,0,31,3,1250,1130,1130,1100,1200,1140,2020-21,0
Cyrus Christie,Fulham,0,DEF,0,0,0,0,0,0,0,0,0,0,0,45,,0,1,3,1090,1100,1150,1110,1040,1060,2020-21,1
Ryan Finnigan,Southampton,0,MID,0,0,0,0,0,0,0,0,0,0,0,45,,0,22,3,1060,1100,1030,1110,1110,1160,2020-21,0
Matteo Guendouzi,Arsenal,0,MID,0,0,0,0,0,0,0,0,0,0,0,50,,0,1,4,1200,1250,1130,1150,1220,1210,2020-21,0
Josh Sims,Southampton,0,MID,0,0,0,0,0,0,0,0,0,0,0,45,,0,1,3,1060,1100,1030,1110,1110,1160,2020-21,0
Matthew Clarke,Brighton,0,DEF,0,0,0,0,0,0,0,0,0,0,0,45,,0,1,3,1130,1130,1150,1190,1100,1130,2020-21,0
Jordan Stevens,Leeds,0,MID,0,0,0,0,0,0,0,0,0,0,0,45,,0,1,3,1160,1170,1060,1150,1210,1170,2020-21,1
Matty James,Leicester,0,MID,0,0,0,0,0,0,0,0,0,0,0,45,,0,1,4,1240,1260,1190,1150,1150,1230,2020-21,0
Jordan Hugill,West Ham,0,FWD,0,0,0,0,0,0,0,0,0,0,0,55,,0,1,4,1230,1260,1140,1190,1260,1290,2020-21,0
Max Meyer,Crystal Palace,0,MID,0,0,0,0,0,0,0,0,0,0,0,50,,0,1,3,1090,1110,1030,1120,1010,1020,2020-21,0
Max Sanders,Brighton,0,MID,0,0,0,0,0,0,0,0,0,0,0,45,,0,18,3,1130,1130,1150,1190,1100,1130,2020-21,0
Max Thompson,Burnley,0,FWD,0,0,0,0,0,0,0,0,0,0,0,45,,0,7,2,1060,1070,1040,1090,1040,1080,2020-21,0
Mbwana Samatta,Aston Villa,0,FWD,0,0,0,0,0,0,0,0,0,0,0,60,,0,2,3,1100,1160,1120,1140,1080,1100,2020-21,0
Meritan Shabani,Wolves,0,MID,0,0,0,0,0,0,0,0,0,0,0,45,,0,3,3,1080,1110,1120,1130,1040,1120,2020-21,0
Mesut Özil,Arsenal,0,MID,0,0,0,0,0,0,0,0,0,0,0,70,,0,1,4,1200,1250,1130,1150,1220,1210,2020-21,0
Michael Hector,Fulham,0,DEF,0,0,0,2,0,10,0,0,0,0,0,45,2.0,262,1,3,1090,1100,1150,1110,1040,1060,2020-21,1
Jonathan Leko,West Brom,0,MID,0,0,0,0,0,0,0,0,0,0,0,45,,0,1,2,1050,1040,1040,1000,1050,1040,2020-21,1
Michael Verrips,Sheffield Utd,0,GK,0,0,0,0,0,0,0,0,0,0,0,40,,0,5,2,1000,1040,1020,1070,1000,1010,2020-21,0
Jonas Lössl,Everton,0,GK,0,0,0,0,0,0,0,0,0,0,0,45,,0,1,3,1250,1130,1130,1100,1200,1140,2020-21,0
Michal Karbownik,Brighton,0,DEF,0,0,0,0,0,0,0,0,0,0,0,45,,0,22,3,1130,1130,1150,1190,1100,1130,2020-21,0
Miguel Azeez,Arsenal,0,MID,0,0,0,0,0,0,0,0,0,0,0,45,,0,31,4,1200,1250,1130,1150,1220,1210,2020-21,0
Joe Hart,Spurs,0,GK,0,0,0,0,0,0,0,0,0,0,0,45,,0,1,4,1190,1250,1130,1170,1250,1290,2020-21,0
Joe Gelhardt,Leeds,0,FWD,0,0,0,0,0,0,0,0,0,0,0,45,,0,23,3,1160,1170,1060,1150,1210,1170,2020-21,1
Moisés Caicedo,Brighton,0,MID,0,0,0,0,0,0,0,0,0,0,0,50,,0,23,3,1130,1130,1150,1190,1100,1130,2020-21,0
Jesurun Rak-Sakyi,Crystal Palace,0,MID,0,0,0,0,0,0,0,0,0,0,0,45,,0,31,3,1090,1110,1030,1120,1010,1020,2020-21,0
Jensen Weir,Brighton,0,MID,0,0,0,0,0,0,0,0,0,0,0,45,,0,18,3,1130,1130,1150,1190,1100,1130,2020-21,0
Jed Steer,Aston Villa,0,GK,0,0,0,0,0,0,0,0,0,0,0,40,,0,2,3,1100,1160,1120,1140,1080,1100,2020-21,0
Jean Michaël Seri,Fulham,0,MID,0,0,0,0,0,0,0,0,0,0,0,50,,0,1,3,1090,1100,1150,1110,1040,1060,2020-21,1
José Diogo Dalot Teixeira,Man Utd,0,DEF,0,0,0,0,0,0,0,0,0,0,0,50,,0,2,4,1250,1320,1250,1280,1240,1310,2020-21,0
José Ignacio Peleteiro Romallo,Aston Villa,0,MID,0,0,0,0,0,0,0,0,0,0,0,60,,0,2,3,1100,1160,1120,1140,1080,1100,2020-21,0
Matt Macey,Arsenal,0,GK,0,0,0,0,0,0,0,0,0,0,0,40,,0,1,4,1200,1250,1130,1150,1220,1210,2020-21,0
Marcus Bettinelli,Fulham,0,GK,0,0,0,0,0,0,0,0,0,0,0,45,,0,1,3,1090,1100,1150,1110,1040,1060,2020-21,1
Luke Cundle,Wolves,0,MID,0,0,0,0,0,0,0,0,0,0,0,45,,0,15,3,1080,1110,1120,1130,1040,1120,2020-21,0
Luke Freeman,Sheffield Utd,0,MID,0,0,0,0,0,0,0,0,0,0,0,50,,0,1,2,1000,1040,1020,1070,1000,1010,2020-21,0
Luke Mbete,Man City,0,DEF,0,0,0,0,0,0,0,0,0,0,0,40,,0,17,5,1340,1360,1280,1320,1340,1350,2020-21,0
Lewis Richards,Wolves,0,DEF,0,0,0,0,0,0,0,0,0,0,0,40,,0,16,3,1080,1110,1120,1130,1040,1120,2020-21,0
Leonardo Campana,Wolves,0,FWD,0,0,0,0,0,0,0,0,0,0,0,50,,0,1,3,1080,1110,1120,1130,1040,1120,2020-21,0
Leighton Clarkson,Liverpool,0,MID,0,0,0,0,0,0,0,0,0,0,0,45,,0,9,4,1250,1210,1190,1210,1300,1230,2020-21,0
Léo Bonatini,Wolves,0,FWD,0,0,0,0,0,0,0,0,0,0,0,50,,0,1,3,1080,1110,1120,1130,1040,1120,2020-21,0
Mace Goodridge,Burnley,0,MID,0,0,0,0,0,0,0,0,0,0,0,45,,0,3,2,1060,1070,1040,1090,1040,1080,2020-21,0
Lee Grant,Man Utd,0,GK,0,0,0,0,0,0,0,0,0,0,0,40,,0,11,4,1250,1320,1250,1280,1240,1310,2020-21,0
Kyron Gordon,Sheffield Utd,0,DEF,0,0,0,0,0,0,0,0,0,0,0,40,,0,21,2,1000,1040,1020,1070,1000,1010,2020-21,0
Marcos Rojo,Man Utd,0,DEF,0,0,0,0,0,0,0,0,0,0,0,50,,0,2,4,1250,1320,1250,1280,1240,1310,2020-21,0
Kyle John,Everton,0,DEF,0,0,0,0,0,0,0,0,0,0,0,40,,0,26,3,1250,1130,1130,1100,1200,1140,2020-21,0
Matija Sarkic,Wolves,0,GK,0,0,0,0,0,0,0,0,0,0,0,45,,0,1,3,1080,1110,1120,1130,1040,1120,2020-21,0
Mark Gillespie,Newcastle,0,GK,0,0,0,0,0,0,0,0,0,0,0,45,,0,1,2,1050,1070,1050,1060,1030,1110,2020-21,0
Kgaogelo Chauke,Southampton,0,MID,0,0,0,0,0,0,0,0,0,0,0,45,,0,17,3,1060,1100,1030,1110,1110,1160,2020-21,0
Martín Montoya,Brighton,0,DEF,0,0,0,0,0,0,0,0,0,0,0,45,,0,1,3,1130,1130,1150,1190,1100,1130,2020-21,0
Kevin McDonald,Fulham,0,MID,0,0,0,0,0,0,0,0,0,0,0,50,,0,1,3,1090,1100,1150,1110,1040,1060,2020-21,1
Kenneth Zohore,West Brom,0,FWD,0,0,0,0,0,0,0,0,0,0,0,50,,0,1,2,1050,1040,1040,1000,1050,1040,2020-21,1
Kelland Watts,Newcastle,0,DEF,0,0,0,0,0,0,0,0,0,0,0,40,,0,1,2,1050,1070,1050,1060,1030,1110,2020-21,0
Karlo Ziger,Chelsea,0,GK,0,0,0,0,0,0,0,0,0,0,0,40,,0,7,4,1250,1280,1260,1300,1250,1310,2020-21,0
Kamil Miazek,Leeds,0,GK,0,0,0,0,0,0,0,0,0,0,0,40,,0,1,3,1160,1170,1060,1150,1210,1170,2020-21,1
Mateusz Bogusz,Leeds,0,MID,0,0,0,0,0,0,0,0,0,0,0,45,,0,2,3,1160,1170,1060,1150,1210,1170,2020-21,1
Kaine Hayden,Aston Villa,0,MID,0,0,0,0,0,0,0,0,0,0,0,45,,0,25,3,1100,1160,1120,1140,1080,1100,2020-21,0
Juan Foyth,Spurs,0,DEF,0,0,0,0,0,0,0,0,0,0,0,45,,0,1,4,1190,1250,1130,1170,1250,1290,2020-21,0
Jay-Roy Grot,Leeds,0,MID,0,0,0,0,0,0,0,0,0,0,0,50,,0,1,3,1160,1170,1060,1150,1210,1170,2020-21,1
Jason Steele,Brighton,0,GK,0,0,0,0,0,0,0,0,0,0,0,40,,0,1,3,1130,1130,1150,1190,1100,1130,2020-21,0
Nathan Bishop,Man Utd,0,GK,0,0,0,0,0,0,0,0,0,0,0,40,,0,28,4,1250,1320,1250,1280,1240,1310,2020-21,0
Gedson Carvalho Fernandes,Spurs,0,MID,0,0,0,0,0,0,0,0,0,0,0,50,,0,1,4,1190,1250,1130,1170,1250,1290,2020-21,0
Frederik Alves,West Ham,0,DEF,0,0,0,0,0,0,0,0,0,0,0,40,,0,19,4,1230,1260,1140,1190,1260,1290,2020-21,0
Paulo Gazzaniga,Spurs,0,GK,0,0,0,0,0,0,0,0,0,0,0,45,,0,1,4,1190,1250,1130,1170,1250,1290,2020-21,0
Frankie Maguire,Sheffield Utd,0,MID,0,0,0,0,0,0,0,0,0,0,0,45,,0,24,2,1000,1040,1020,1070,1000,1010,2020-21,0
Florin Andone,Brighton,0,FWD,0,0,0,0,0,0,0,0,0,0,0,50,,0,1,3,1130,1130,1150,1190,1100,1130,2020-21,0
Phil Jones,Man Utd,0,DEF,0,0,0,0,0,0,0,0,0,0,0,50,,0,2,4,1250,1320,1250,1280,1240,1310,2020-21,0
Florian Lejeune,Newcastle,0,DEF,0,0,0,0,0,0,0,0,0,0,0,45,,0,1,2,1050,1070,1050,1060,1030,1110,2020-21,0
Filip Benkovic,Leicester,0,DEF,0,0,0,0,0,0,0,0,0,0,0,45,,0,1,4,1240,1260,1190,1150,1150,1230,2020-21,0
Fikayo Tomori,Chelsea,0,DEF,0,0,0,0,0,2,0,0,0,0,0,50,,45,1,4,1250,1280,1260,1300,1250,1310,2020-21,0
Felix Nmecha,Man City,0,MID,0,0,0,0,0,0,0,0,0,0,0,45,,0,14,5,1340,1360,1280,1320,1340,1350,2020-21,0
Reece Hannam,Crystal Palace,0,DEF,0,0,0,0,0,0,0,0,0,0,0,40,,0,26,3,1090,1110,1030,1120,1010,1020,2020-21,0
Faustino Anjorin,Chelsea,0,MID,0,0,0,0,0,0,0,0,0,0,0,45,,0,12,4,1250,1280,1260,1300,1250,1310,2020-21,0
Liam Hughes,Liverpool,0,GK,0,0,0,0,0,0,0,0,0,0,0,40,,0,26,4,1250,1210,1190,1210,1300,1230,2020-21,0
Facundo Pellistri,Man Utd,0,MID,0,0,0,0,0,0,0,0,0,0,0,55,,0,5,4,1250,1320,1250,1280,1240,1310,2020-21,0
Fabricio Agosto Ramírez,Fulham,0,GK,0,0,0,0,0,0,0,0,0,0,0,40,,0,1,3,1090,1100,1150,1110,1040,1060,2020-21,1
Richard Nartey,Burnley,0,DEF,0,0,0,0,0,0,0,0,0,0,0,40,,0,22,2,1060,1070,1040,1090,1040,1080,2020-21,0
Ellis Simms,Everton,0,FWD,0,0,0,0,0,0,0,0,0,0,0,45,,0,7,3,1250,1130,1130,1100,1200,1140,2020-21,0
Elia Caprile,Leeds,0,GK,0,0,0,0,0,0,0,0,0,0,0,40,,0,2,3,1160,1170,1060,1150,1210,1170,2020-21,1
Roberto Jimenez Gago,West Ham,0,GK,0,0,0,0,0,0,0,0,0,0,0,45,,0,1,4,1230,1260,1140,1190,1260,1290,2020-21,0
David Martin,West Ham,0,GK,0,0,0,0,0,0,0,0,0,0,0,40,,0,1,4,1230,1260,1140,1190,1260,1290,2020-21,0
Rolando Aarons,Newcastle,0,MID,0,0,0,0,0,0,0,0,0,0,0,50,,0,1,2,1050,1070,1050,1060,1030,1110,2020-21,0
Danny Ward,Leicester,0,GK,0,0,0,0,0,0,0,0,0,0,0,45,,0,1,4,1240,1260,1190,1150,1150,1230,2020-21,0
Danny Rose,Spurs,0,DEF,0,0,0,0,0,0,0,0,0,0,0,50,,0,1,4,1190,1250,1130,1170,1250,1290,2020-21,0
Daniel Langley,Newcastle,0,GK,0,0,0,0,0,0,0,0,0,0,0,40,,0,12,2,1050,1070,1050,1060,1030,1110,2020-21,0
Ryan Astley,Everton,0,DEF,0,0,0,0,0,0,0,0,0,0,0,40,,0,26,3,1250,1130,1130,1100,1200,1140,2020-21,0
Ryan Bennett,Wolves,0,DEF,0,0,0,0,0,0,0,0,0,0,0,45,,0,1,3,1080,1110,1120,1130,1040,1120,2020-21,0
Nathan Ferguson,Crystal Palace,0,DEF,0,0,0,0,0,0,0,0,0,0,0,40,,0,1,3,1090,1110,1030,1120,1010,1020,2020-21,0
Frédéric Guilbert,Aston Villa,0,DEF,0,0,0,0,0,0,0,0,0,0,0,45,,0,2,3,1100,1160,1120,1140,1080,1100,2020-21,0
Glenn Murray,Brighton,0,FWD,0,0,0,0,0,0,0,0,0,0,0,50,,0,1,3,1130,1130,1150,1190,1100,1130,2020-21,0
Harry Boyes,Sheffield Utd,0,DEF,0,0,0,0,0,0,0,0,0,0,0,40,,0,37,2,1000,1040,1020,1070,1000,1010,2020-21,0
Jarrad Branthwaite,Everton,0,DEF,0,0,0,0,0,0,0,0,0,0,0,40,,0,1,3,1250,1130,1130,1100,1200,1140,2020-21,0
James Trafford,Man City,0,GK,0,0,0,0,0,0,0,0,0,0,0,40,,0,7,5,1340,1360,1280,1320,1340,1350,2020-21,0
Nathan Trott,West Ham,0,GK,0,0,0,0,0,0,0,0,0,0,0,40,,0,26,4,1230,1260,1140,1190,1260,1290,2020-21,0
James Garner,Man Utd,0,MID,0,0,0,0,0,0,0,0,0,0,0,45,,0,2,4,1250,1320,1250,1280,1240,1310,2020-21,0
James Bree,Aston Villa,0,DEF,0,0,0,0,0,0,0,0,0,0,0,45,,0,2,3,1100,1160,1120,1140,1080,1100,2020-21,0
Jamal Baptiste,West Ham,0,DEF,0,0,0,0,0,0,0,0,0,0,0,40,,0,24,4,1230,1260,1140,1190,1260,1290,2020-21,0
Jakub Ojrzynski,Liverpool,0,GK,0,0,0,0,0,0,0,0,0,0,0,40,,0,26,4,1250,1210,1190,1210,1300,1230,2020-21,0
Jake Cain,Liverpool,0,MID,0,0,0,0,0,0,0,0,0,0,0,45,,0,12,4,1250,1210,1190,1210,1300,1230,2020-21,0
Nicolás Otamendi,Man City,0,DEF,0,0,0,0,0,0,0,0,0,0,0,50,,0,2,5,1340,1360,1280,1320,1340,1350,2020-21,0
Nigel Lonwijk,Wolves,0,DEF,0,0,0,0,0,0,0,0,0,0,0,40,,0,18,3,1080,1110,1120,1130,1040,1120,2020-21,0
Nile John,Spurs,0,MID,0,0,0,0,0,0,0,0,0,0,0,45,,0,38,4,1190,1250,1130,1170,1250,1290,2020-21,0
Jack Wilshere,West Ham,0,MID,0,0,0,0,0,0,0,0,0,0,0,50,,0,1,4,1230,1260,1140,1190,1260,1290,2020-21,0
Jack Jenkins,Leeds,0,MID,0,0,0,0,0,0,0,0,0,0,0,45,,0,8,3,1160,1170,1060,1150,1210,1170,2020-21,1
Oliver Casey,Leeds,0,DEF,0,0,0,0,0,0,0,0,0,0,0,40,,0,1,3,1160,1170,1060,1150,1210,1170,2020-21,1
Isaac Price,Everton,0,MID,0,0,0,0,0,0,0,0,0,0,0,45,,0,31,3,1250,1130,1130,1100,1200,1140,2020-21,0
Indiana Vassilev,Aston Villa,0,FWD,0,0,0,0,0,0,0,0,0,0,0,45,,0,2,3,1100,1160,1120,1140,1080,1100,2020-21,0
Oliver Skipp,Spurs,0,MID,0,0,0,0,0,0,0,0,0,0,0,45,,0,1,4,1190,1250,1130,1170,1250,1290,2020-21,0
Hugo Bueno,Wolves,0,DEF,0,0,0,0,0,0,0,0,0,0,0,40,,0,21,3,1080,1110,1120,1130,1040,1120,2020-21,0
Henri Lansbury,Aston Villa,0,MID,0,0,0,0,0,0,0,0,0,0,0,45,,0,2,3,1100,1160,1120,1140,1080,1100,2020-21,0
Harvey Elliott,Liverpool,0,MID,0,0,0,0,0,0,0,0,0,0,0,45,,0,1,4,1250,1210,1190,1210,1300,1230,2020-21,0
Harry Wilson,Liverpool,0,MID,0,0,0,0,0,0,0,0,0,0,0,55,,0,1,4,1250,1210,1190,1210,1300,1230,2020-21,0
Harry Tyrer,Everton,0,GK,0,0,0,0,0,0,0,0,0,0,0,40,,0,26,3,1250,1130,1130,1100,1200,1140,2020-21,0
Harry Lewis,Southampton,0,GK,0,0,0,0,0,0,0,0,0,0,0,40,,0,17,3,1060,1100,1030,1110,1110,1160,2020-21,0
Ørjan Nyland,Aston Villa,0,GK,0,0,0,0,0,0,0,0,0,0,0,40,,0,2,3,1100,1160,1120,1140,1080,1100,2020-21,0
Neil Taylor,Aston Villa,-1,DEF,0,0,0,1,0,2,0,0,0,0,0,45,,15,2,3,1100,1160,1120,1140,1080,1100,2020-21,0
Alexandre Jankewitz,Southampton,-1,MID,0,0,0,0,1,9,0,0,0,0,0,45,,2,20,3,1060,1100,1030,1110,1110,1160,2020-21,0
Kayne Ramsay,Southampton,-3,DEF,0,0,0,1,0,9,0,0,0,0,0,40,1.0,90,8,3,1060,1100,1030,1110,1110,1160,2020-21,0
